-0.37179786,-0.14247417,-0.56148314,0.022094619,-0.5201024,-0.43286318,-0.56507623,-0.2078067,0.64005363,-0.16786808,0.284006,-0.4566735,-0.33481508,-0.106951,-0.120583236,-0.2746802,-0.09326345,0.121501,-0.42474824,-0.3518474,-0.09086794,-0.2625354,-0.14080918,-0.10789794,-0.24769598,-0.27131855,0.30684564,-0.09186214,-0.2418251,-0.19144815,-0.28929567,-0.31509954,0.054956198,-0.26391673,-0.69771934,-0.069463015,0.06300534,-0.4968875,-0.2100209,0.015989829,-0.26492047,-0.06496513,-0.47745502,-0.51309663,-0.4292438,-0.26996917,-0.07097715,0.3546707,-0.071845114,-0.5184207,-0.2917263,0.5147121,-0.2776047,-0.10052419,-0.02310133,-0.26899767,-0.5164104,-0.47497958,0.17701381,-0.12362915,-0.18550783,0.45675537,-0.3856268,-0.105252445,-0.42266876,-0.25008917,-0.28704083,-0.721581,-0.051360965,0.59559244,-0.21102965,-0.3771544,-0.010825455,-0.15019155,-0.19772607,-0.48828274,-0.5859438,-0.018135667,0.16458973,-0.5486431,-0.46949095,-0.33934832,-0.08387047,-0.593696,-0.18315178,-0.061038792,0.3700457,-0.26963842,-0.014052987,-0.3964163,-0.12979299,-0.44436753,-0.15235418,-0.080874026,-0.12418288,-0.32777828,-0.49227035,-0.20114249,-0.20503318,0.19481005,-0.331739,-0.24666911,0.40415555,-0.5341356,-0.1274854,-0.16887778,-0.30197817,-0.30084825,-0.29098713,-0.26910466,-0.08067727,0.17018484,-0.25840586,-0.4772573,0.0077919234,-0.14691257,0.07712737,-0.31941718,0.08893929,-0.2352727,-0.5156088,0.24969958,-0.3177442,-0.04126358,-0.117786705,0.27013573,0.10545419,-0.20306468
-0.37823534,-0.24770457,-0.553132,0.04581517,-0.53301364,-0.4353252,-0.58262146,-0.1438387,0.64823365,-0.18734735,0.14174609,-0.47715944,-0.36605287,-0.17657906,-0.17314631,-0.23437631,-0.20563316,0.20318304,-0.46445894,-0.41079408,-0.07928294,-0.33794773,-0.1987499,-0.1129514,-0.23689955,-0.25089645,0.19632384,-0.05716175,-0.16900301,-0.21602398,-0.27094936,-0.32383913,-0.08853054,-0.23742938,-0.6949137,0.016604647,0.05094012,-0.46094728,-0.1988303,-0.10173452,-0.33254898,-0.093719244,-0.48784333,-0.515962,-0.43960273,-0.28528333,-0.05767852,0.3214867,-0.104200006,-0.5153552,-0.2508629,0.44324243,-0.33654904,-0.022235394,0.045136806,-0.25589508,-0.50737023,-0.4987983,0.058515612,-0.06648058,-0.20586944,0.4133271,-0.39111048,-0.09056711,-0.44702315,-0.2661578,-0.26417875,-0.7082807,-0.07424408,0.5449997,-0.1599878,-0.39237553,-0.14214629,-0.18628854,-0.24953139,-0.47990263,-0.59246373,0.0044277385,0.052316602,-0.56763816,-0.443125,-0.403785,-0.021586776,-0.562155,-0.1693663,-0.13041538,0.3295182,-0.24662828,-0.020210862,-0.35511166,-0.11258173,-0.47309786,-0.20751393,-0.16639632,-0.1595735,-0.3370009,-0.5088317,-0.13341784,-0.2365467,0.14597818,-0.35116237,-0.2652459,0.35847616,-0.54529047,-0.15244931,-0.10894698,-0.34783947,-0.26771897,-0.28594416,-0.30702382,-0.10422337,0.20869167,-0.25077558,-0.4842552,-0.047367275,-0.21036237,0.10379031,-0.29751182,0.017601686,-0.2715451,-0.55138505,0.13166954,-0.23982304,-0.14266348,-0.23884624,0.21435884,-0.07813841,-0.23618269
-0.37179786,-0.14247417,-0.56148314,0.022094619,-0.5201024,-0.43286318,-0.56507623,-0.2078067,0.64005363,-0.16786808,0.284006,-0.4566735,-0.33481508,-0.106951,-0.120583236,-0.2746802,-0.09326345,0.121501,-0.42474824,-0.3518474,-0.09086794,-0.2625354,-0.14080918,-0.10789794,-0.24769598,-0.27131855,0.30684564,-0.09186214,-0.2418251,-0.19144815,-0.28929567,-0.31509954,0.054956198,-0.26391673,-0.69771934,-0.069463015,0.06300534,-0.4968875,-0.2100209,0.015989829,-0.26492047,-0.06496513,-0.47745502,-0.51309663,-0.4292438,-0.26996917,-0.07097715,0.3546707,-0.071845114,-0.5184207,-0.2917263,0.5147121,-0.2776047,-0.10052419,-0.02310133,-0.26899767,-0.5164104,-0.47497958,0.17701381,-0.12362915,-0.18550783,0.45675537,-0.3856268,-0.105252445,-0.42266876,-0.25008917,-0.28704083,-0.721581,-0.051360965,0.59559244,-0.21102965,-0.3771544,-0.010825455,-0.15019155,-0.19772607,-0.48828274,-0.5859438,-0.018135667,0.16458973,-0.5486431,-0.46949095,-0.33934832,-0.08387047,-0.593696,-0.18315178,-0.061038792,0.3700457,-0.26963842,-0.014052987,-0.3964163,-0.12979299,-0.44436753,-0.15235418,-0.080874026,-0.12418288,-0.32777828,-0.49227035,-0.20114249,-0.20503318,0.19481005,-0.331739,-0.24666911,0.40415555,-0.5341356,-0.1274854,-0.16887778,-0.30197817,-0.30084825,-0.29098713,-0.26910466,-0.08067727,0.17018484,-0.25840586,-0.4772573,0.0077919234,-0.14691257,0.07712737,-0.31941718,0.08893929,-0.2352727,-0.5156088,0.24969958,-0.3177442,-0.04126358,-0.117786705,0.27013573,0.10545419,-0.20306468
-0.2593065,-0.38934296,-0.38818336,-0.11681926,-0.427311,-0.4038291,-0.28893352,0.17941009,0.07075614,-0.60724545,-0.4562385,-0.4895038,-0.4613688,-0.4107207,-0.11820495,0.009718706,-0.4574529,-0.13532186,-0.5700289,-0.38979048,-0.08682591,-0.45860207,-0.1662032,-0.27386695,-0.32667565,-0.11996001,0.015578635,0.09775113,0.01467232,-0.3175558,-0.35652018,-0.06926948,-0.3994084,0.19315732,-0.55593693,-0.1292119,0.028394083,-0.22025841,-0.30940127,-0.09331733,-0.13223135,-0.3422709,-0.3940364,-0.087623715,-0.3205514,-0.6480899,-0.31790382,-0.11830342,-0.4632674,-0.3104086,-0.18661487,-0.24070609,-0.3267792,0.066132754,-0.24459392,-0.16393203,-0.5929954,-0.45865297,-0.45361966,-0.02588576,-0.39772713,-0.12083578,-0.24439943,-0.081948936,-0.3946665,-0.28605515,0.038333744,-0.46058553,-0.33090115,-0.1301533,0.15452333,-0.3036157,-0.48878443,-0.17344546,-0.46208805,-0.4708879,-0.30967337,-0.21698278,-0.13207054,-0.53522706,-0.27849728,-0.41974634,-0.10215193,-0.2714979,-0.27729565,-0.43320662,-0.057376146,-0.2951814,0.043409016,-0.14481473,-0.043621898,-0.38346875,-0.51969993,-0.37223905,-0.34295523,-0.22712165,-0.40383565,-0.05557859,-0.21827036,-0.28871733,-0.31744802,-0.19268036,-0.17867881,-0.33034015,-0.47986382,-0.18673956,-0.59158987,-0.34690696,-0.3608641,-0.11084676,-0.4883067,0.0028929105,-0.331779,-0.02617085,-0.17899925,-0.2279687,-0.10454774,-0.31279814,-0.24247998,-0.2154367,-0.592006,-0.30499303,-0.2836135,-0.38722157,-0.49788195,-0.24211168,-0.3840596,-0.36887538
-0.23524761,-0.53106624,-0.44863242,-0.07252276,-0.36710554,-0.40454602,-0.28575408,0.4235339,-0.074872434,-0.67893136,-0.6037241,-0.50142586,-0.46100086,-0.4169684,-0.16849345,0.19264348,-0.52727586,-0.20745933,-0.5704535,-0.44079953,-0.070137024,-0.4962198,-0.20499647,-0.27777362,-0.34720933,-0.19955158,-0.09749532,0.25045532,0.26579043,-0.36195362,-0.3138163,0.016349006,-0.53460175,0.44580257,-0.56281877,-0.013941288,-0.11237234,-0.2330504,-0.33496308,-0.21559834,-0.17068112,-0.38833582,-0.32017654,0.047717035,-0.2929219,-0.67887324,-0.43061668,-0.2628401,-0.5572177,-0.3492276,-0.12408799,-0.42362338,-0.3224569,0.27661708,-0.32400614,-0.1263625,-0.58522356,-0.41987014,-0.59835297,-0.10964,-0.53044164,-0.22182316,-0.23864698,-0.20709568,-0.41716748,-0.24354392,0.19233952,-0.4734909,-0.44188613,-0.25344837,0.2608491,-0.2925483,-0.58066523,-0.19747657,-0.5518391,-0.47031564,-0.3219229,-0.2987197,-0.23827982,-0.49687284,-0.13516593,-0.47062725,-0.17604458,-0.2553088,-0.3048941,-0.45474756,-0.115525484,-0.30224198,0.104043394,-0.20658308,-0.11620802,-0.38746232,-0.5811248,-0.37898296,-0.4196347,-0.25664347,-0.38889468,0.1342971,-0.15273184,-0.42971098,-0.32963532,-0.21800303,-0.2856059,-0.3289141,-0.52696884,-0.2250045,-0.632906,-0.39373106,-0.3863932,-0.12629879,-0.5997391,0.007951339,-0.34585327,0.12714794,-0.18550622,-0.24568003,-0.065060556,-0.30836153,-0.32968235,-0.2794084,-0.69994104,-0.40818375,-0.27265745,-0.46976262,-0.5720583,-0.34225488,-0.54411405,-0.43743414
-0.22901285,-0.5767031,-0.46416724,-0.08494854,-0.39973658,-0.3932895,-0.32347518,0.3195788,-0.053557932,-0.68093735,-0.58779037,-0.4902807,-0.50785553,-0.43353337,-0.14787626,0.11168171,-0.5031293,-0.22116816,-0.56848866,-0.40579987,-0.025673807,-0.47182953,-0.18248492,-0.266747,-0.34088498,-0.15640748,-0.11279273,0.18824653,0.33833468,-0.36056793,-0.33258975,-0.0012629628,-0.5383351,0.29461315,-0.6312963,0.07631397,-0.13641149,-0.23843801,-0.34974074,-0.24596632,-0.16993576,-0.3866142,-0.35444242,0.027135268,-0.29255515,-0.69300926,-0.3988517,-0.23722732,-0.56823874,-0.3493029,-0.052908063,-0.42558402,-0.34577078,0.2717283,-0.3560748,-0.12970096,-0.6056888,-0.43839908,-0.57208526,-0.17557907,-0.51727396,-0.14781827,-0.22619063,-0.16927075,-0.40446234,-0.24443728,0.12826313,-0.5018785,-0.41492432,-0.21687227,0.23099914,-0.29320538,-0.55994344,-0.1827339,-0.5267335,-0.4881671,-0.3181517,-0.24418706,-0.22166026,-0.5304291,-0.14968008,-0.44174117,-0.17926145,-0.30308837,-0.3085987,-0.47036445,-0.06773198,-0.30159396,0.15845636,-0.22772151,-0.13236386,-0.37510943,-0.5831014,-0.40228206,-0.38765943,-0.26146865,-0.38572878,0.17289644,-0.08608824,-0.39132679,-0.32765257,-0.20677322,-0.24771947,-0.3221329,-0.5352001,-0.22802633,-0.63979995,-0.3960635,-0.38405687,-0.26116133,-0.5952013,-0.08508301,-0.34290588,0.10980777,-0.1824112,-0.21114504,-0.16847813,-0.3157264,-0.33274472,-0.34152913,-0.71871126,-0.3914507,-0.28882587,-0.43726873,-0.5392065,-0.32495046,-0.55943424,-0.4175502
-0.26351088,-0.59770024,-0.5363519,0.011133458,-0.4065044,-0.39474124,-0.46554595,0.21638486,0.108272776,-0.56558925,-0.49397773,-0.48296958,-0.45432943,-0.34222865,-0.20145726,0.025116641,-0.44912726,-0.10876107,-0.5015737,-0.42986727,-0.054784656,-0.41376525,-0.21791875,-0.1748851,-0.30609065,-0.24136412,-0.15443933,0.12764399,0.38371986,-0.31928587,-0.2406733,-0.13373691,-0.4998935,0.10754939,-0.67968476,0.21473144,-0.23711443,-0.33871442,-0.31601745,-0.3283363,-0.2921769,-0.29908192,-0.34886897,-0.21706116,-0.33334643,-0.5714228,-0.34572208,-0.18906522,-0.4708258,-0.43610936,-0.011028111,-0.32684404,-0.37749815,0.28738123,-0.27341998,-0.14158183,-0.5310178,-0.42601323,-0.49472702,-0.24088556,-0.49137378,-0.0020151734,-0.2929821,-0.2424292,-0.43675774,-0.21292263,0.0037762728,-0.59132534,-0.364071,-0.03342974,0.07376359,-0.32643867,-0.4867677,-0.19986898,-0.48444098,-0.46004248,-0.46617955,-0.19242704,-0.19719875,-0.50982463,-0.15956259,-0.44432354,-0.18661016,-0.40942013,-0.27349824,-0.36307675,0.012205751,-0.27547604,0.11444072,-0.33807552,-0.2504614,-0.41563654,-0.4910125,-0.3382647,-0.33845347,-0.31062418,-0.42676324,0.23605397,-0.05711931,-0.3183524,-0.3493771,-0.24959344,-0.13088197,-0.41219085,-0.4285097,-0.19398665,-0.5511749,-0.37078857,-0.35654956,-0.37716866,-0.49876183,-0.036538422,-0.30581647,-0.13963497,-0.15959358,-0.25714368,-0.10075706,-0.30374378,-0.27392024,-0.4055544,-0.72735906,-0.30077142,-0.23463255,-0.38162196,-0.47540212,-0.22844046,-0.54052323,-0.3921203
-0.24721062,-0.6132659,-0.4678952,-0.021999896,-0.4888656,-0.3802572,-0.51019335,-0.025132477,0.19790888,-0.53427,-0.44216192,-0.47297788,-0.52992487,-0.4144016,-0.15176141,-0.15613294,-0.44402254,-0.027333915,-0.5331869,-0.3826753,-0.035242915,-0.39784062,-0.17405462,-0.12581062,-0.2884434,-0.090239525,-0.18519741,-0.06721717,0.38389522,-0.31040508,-0.28615975,-0.19540966,-0.49252838,-0.20928311,-0.724566,0.27420115,-0.20763248,-0.27525902,-0.32255006,-0.35022378,-0.28957617,-0.26174057,-0.44641775,-0.29278302,-0.35008878,-0.5916109,-0.2357322,-0.102481484,-0.4542548,-0.36590236,0.111499205,-0.27954304,-0.45189553,0.15791081,-0.22389346,-0.15504098,-0.57215333,-0.49072665,-0.40784907,-0.23952538,-0.38425487,0.12870325,-0.25378412,-0.09691346,-0.41638774,-0.26945996,-0.12953985,-0.5552384,-0.24539381,0.03931567,-0.0077922344,-0.33377546,-0.4620793,-0.16899669,-0.40513933,-0.4699639,-0.4594161,-0.09219676,-0.1380505,-0.58637714,-0.21971166,-0.4004684,-0.10495186,-0.39326113,-0.2594481,-0.42402554,0.054202203,-0.2610938,0.12559214,-0.27693766,-0.23886335,-0.40671098,-0.46385038,-0.43059063,-0.2556674,-0.27916944,-0.4317159,0.21930125,-0.025854766,-0.18577534,-0.34900683,-0.21664655,-0.05329138,-0.37067342,-0.4160686,-0.10592049,-0.558959,-0.31309575,-0.33756804,-0.5105548,-0.4288169,-0.1617145,-0.29467344,-0.21021158,-0.22709972,-0.26125926,-0.25521618,-0.30633223,-0.23541623,-0.4641695,-0.69958836,-0.28991944,-0.19013494,-0.33190638,-0.44199693,-0.19524592,-0.5424074,-0.33289593
-0.30101877,-0.60511935,-0.5257947,-0.07528722,-0.4648192,-0.3772493,-0.45588112,-0.020271122,0.19109634,-0.5031669,-0.3921954,-0.4795093,-0.5313757,-0.41829157,-0.22728533,-0.13987195,-0.40764505,-0.043643534,-0.51992536,-0.40010518,-0.00871259,-0.4043079,-0.25814873,-0.25219375,-0.26248473,-0.13793421,-0.20093721,0.00542587,0.2891552,-0.28516346,-0.28724074,-0.21207666,-0.44795787,-0.18237948,-0.71167076,0.25064933,-0.16628683,-0.28286594,-0.2953369,-0.35906208,-0.3334617,-0.34098202,-0.41032505,-0.27519697,-0.36205226,-0.5829464,-0.14394206,-0.10141122,-0.3895164,-0.41522408,0.0026239697,-0.23041087,-0.43401617,0.18464129,-0.23528421,-0.1558348,-0.5275625,-0.47645944,-0.3853435,-0.18479812,-0.38041675,0.07262967,-0.3072248,-0.110039115,-0.4325049,-0.2493903,-0.14874196,-0.5852442,-0.28327012,0.030410103,0.04567111,-0.35427272,-0.4356494,-0.23311508,-0.4260077,-0.46000665,-0.3955239,0.04918103,-0.2482819,-0.5717832,-0.26762855,-0.4313985,-0.09658688,-0.4116394,-0.23880118,-0.41705638,0.021915955,-0.23546869,0.1037564,-0.26017398,-0.18115169,-0.43553662,-0.5165938,-0.4068302,-0.26849782,-0.3082487,-0.45732933,0.1553084,-0.12288886,-0.2002995,-0.35365844,-0.24740648,-0.07292712,-0.43434757,-0.4589079,-0.15981871,-0.55292845,-0.32204562,-0.32260114,-0.46446115,-0.384808,-0.10170901,-0.27878493,-0.2593385,-0.16674417,-0.2568307,-0.22903138,-0.28096747,-0.3178255,-0.41977316,-0.68297637,-0.26713866,-0.2123658,-0.34092313,-0.43071836,-0.174317,-0.50664586,-0.3551011
-0.3137794,-0.55268157,-0.586897,-0.1069808,-0.30255443,-0.36559248,-0.35948676,-0.054621875,0.05197841,-0.3204565,-0.26343083,-0.47036207,-0.39782482,-0.31551635,-0.31986135,-0.16120762,-0.33095312,-0.07666719,-0.38848066,-0.4258986,-0.17748165,-0.31026876,-0.34192908,-0.33039474,-0.23135418,-0.32648796,-0.28756452,-0.001902461,0.1009254,-0.19560587,-0.15057844,-0.28530443,-0.3186018,-0.1859343,-0.6181549,0.07980698,-0.28834856,-0.3472132,-0.23823321,-0.3863824,-0.3936097,-0.37526625,-0.2139681,-0.32654214,-0.37390745,-0.42471892,-0.08010936,-0.25672042,-0.13633329,-0.4649716,-0.15261352,-0.19927824,-0.39860857,0.07733521,-0.21177554,-0.14682078,-0.2919736,-0.34231812,-0.35367912,-0.19802326,-0.376036,-0.1126436,-0.37638807,-0.31735688,-0.46836787,-0.18180513,-0.1917789,-0.56848514,-0.35176486,-0.039869845,-0.09328902,-0.36884916,-0.3381362,-0.2914185,-0.44562608,-0.3435793,-0.36655337,0.08530456,-0.33544135,-0.4186244,-0.2588935,-0.43725193,-0.20096266,-0.39512467,-0.20240593,-0.29321998,-0.16182989,-0.19686294,-0.081582844,-0.33240688,-0.31176603,-0.47139382,-0.49553168,-0.27638584,-0.27879596,-0.32676584,-0.48157072,0.0476117,-0.22843748,-0.27089393,-0.35885108,-0.30795348,-0.18329316,-0.49255645,-0.43705118,-0.23325348,-0.40462422,-0.33919632,-0.28790778,-0.34986675,-0.22192597,-0.02557826,-0.23951793,-0.37401086,-0.120228946,-0.34444964,-0.12854505,-0.23709697,-0.3576635,-0.35051888,-0.60154593,-0.18195719,-0.21007574,-0.30242437,-0.36603165,-0.18122834,-0.38050967,-0.39079016
-0.30824274,-0.53268653,-0.58189124,-0.24184674,-0.13863683,-0.34098637,-0.11920375,-0.18427432,-0.2240141,-0.2929585,-0.19840991,-0.44356745,-0.38527334,-0.36099517,-0.3602003,-0.25264418,-0.25039184,-0.28316975,-0.28767073,-0.3492959,-0.27812713,-0.17865467,-0.36738998,-0.44552344,-0.23495996,-0.39021426,-0.347206,-0.115760565,-0.08231312,-0.1312722,-0.13668227,-0.26825505,-0.22381377,-0.26637018,-0.5395845,-0.15122378,-0.35027987,-0.35493594,-0.24829829,-0.37438613,-0.3189748,-0.46037018,-0.020838141,-0.21827757,-0.35477316,-0.46227342,-0.017264009,-0.39745873,-0.0058737397,-0.41193932,-0.2480101,-0.29694313,-0.34082878,-0.1395343,-0.349841,-0.14638239,-0.19055104,-0.19978833,-0.33761644,-0.2697304,-0.3609004,-0.3034727,-0.34521163,-0.3927433,-0.45502615,-0.13164163,-0.22270823,-0.4856292,-0.41041446,-0.22610974,-0.19023275,-0.34797776,-0.2528329,-0.33433658,-0.4563465,-0.2668816,-0.16116345,0.12922136,-0.37685502,-0.30304146,-0.24868643,-0.36459982,-0.3285067,-0.34506804,-0.21238953,-0.3111651,-0.32819527,-0.18631989,-0.1438824,-0.3668574,-0.38586617,-0.44899857,-0.549017,-0.2425037,-0.2705676,-0.28154826,-0.46451735,-0.101299286,-0.23491591,-0.3251837,-0.33745497,-0.29799193,-0.33276498,-0.431732,-0.5192951,-0.3517927,-0.35050225,-0.3973227,-0.27572918,-0.28573668,-0.14858419,-0.183546,-0.23619741,-0.3369642,-0.1329686,-0.33533114,-0.28061265,-0.22192472,-0.4299267,-0.30771273,-0.5008584,-0.16043055,-0.3179021,-0.2623393,-0.2641664,-0.25870544,-0.25503588,-0.419326
-0.2575621,-0.488936,-0.5790355,-0.27696753,-0.16616493,-0.35802937,-0.17544353,-0.34560555,-0.18193406,-0.11021423,-0.0729776,-0.45830858,-0.3658293,-0.31452394,-0.35196793,-0.3768075,-0.20422769,-0.16950375,-0.28483397,-0.3621325,-0.40054733,-0.16729635,-0.38571185,-0.44650126,-0.22362214,-0.40238237,-0.38753504,-0.25480676,-0.1665898,-0.08317149,-0.103420675,-0.38206637,-0.09508914,-0.46162182,-0.5502819,-0.17201579,-0.40259242,-0.3425895,-0.20404315,-0.41437447,-0.44172996,-0.44734985,-0.026522994,-0.33756435,-0.39839935,-0.34100735,0.16328666,-0.40606856,0.2204774,-0.44004858,-0.24096406,-0.19956309,-0.46787632,-0.2537406,-0.2361412,-0.13887382,-0.0011166334,-0.23055792,-0.23784679,-0.2357158,-0.23781729,-0.25085908,-0.42269653,-0.43303746,-0.4856987,-0.17261773,-0.36285728,-0.45403588,-0.29198152,-0.1705178,-0.27474403,-0.38471717,-0.17676574,-0.3116247,-0.40563852,-0.16068733,-0.21637422,0.2207566,-0.42788297,-0.3195904,-0.30629307,-0.37340593,-0.2891122,-0.30882472,-0.18038327,-0.2602157,-0.37296158,-0.1646679,-0.27034885,-0.34179968,-0.4541965,-0.48632938,-0.51106215,-0.25613028,-0.22318482,-0.2591154,-0.5018126,-0.1623792,-0.31968284,-0.2813897,-0.35815716,-0.29511172,-0.32175893,-0.50757724,-0.4846357,-0.27210045,-0.28374767,-0.32093865,-0.24625218,-0.33485925,0.03203793,-0.08087289,-0.20930272,-0.4727987,-0.11987394,-0.45772392,-0.24772692,-0.20160574,-0.41112846,-0.28439337,-0.40742403,-0.09371239,-0.21739131,-0.18327326,-0.22343427,-0.16324157,-0.19475341,-0.3828029
-0.18739784,-0.4280659,-0.58333945,-0.29546893,0.17491795,-0.34990674,0.023090057,-0.3358631,-0.42138433,0.012951039,-0.060565054,-0.4325763,-0.14774323,-0.19540209,-0.37395835,-0.38004112,-0.15471542,-0.3333425,-0.05942762,-0.33341622,-0.5470129,0.04050986,-0.37884104,-0.44576222,-0.2564903,-0.551034,-0.44455725,-0.311621,-0.2607575,-0.0120738745,0.079433404,-0.37602144,0.00804627,-0.4178388,-0.3576702,-0.37724614,-0.5507429,-0.420119,-0.20493859,-0.39893764,-0.38378197,-0.44070554,0.33385375,-0.29833114,-0.3700552,-0.18941635,-0.0068334937,-0.5784168,0.39196938,-0.41430223,-0.32208282,-0.34218407,-0.3933344,-0.3845691,-0.32192558,-0.12587869,0.29395717,0.061881654,-0.30979985,-0.3699175,-0.31279743,-0.4389636,-0.40322566,-0.6067273,-0.494891,-0.0802775,-0.33023757,-0.33996302,-0.39562625,-0.3345002,-0.4222455,-0.34996682,-0.090824306,-0.3109166,-0.44431394,0.027447479,-0.18733138,-0.024230361,-0.40915567,0.009998962,-0.1853646,-0.3022505,-0.46255237,-0.24046546,-0.2036429,-0.12285006,-0.5215035,-0.18389785,-0.3803367,-0.46630752,-0.6076469,-0.46418506,-0.46109927,-0.08832109,-0.25736445,-0.21556777,-0.47103894,-0.22416073,-0.29207343,-0.41017962,-0.34257042,-0.31174004,-0.4726575,-0.45101207,-0.46361303,-0.3692252,-0.0649696,-0.39284325,-0.24782705,-0.17991692,0.0905564,-0.15147108,-0.21069443,-0.44377345,-0.14905703,-0.50892043,-0.2272684,-0.1977362,-0.3980704,-0.2378341,-0.2910943,-0.054594696,-0.28210044,-0.13546848,-0.13472617,-0.26498413,-0.03834182,-0.4338671
-0.051894605,-0.45727247,-0.55956125,-0.2404024,0.16309404,-0.332825,-0.059216976,-0.2666788,-0.412183,-0.058665097,-0.17814064,-0.4244401,-0.113756776,-0.15212047,-0.26460475,-0.35007197,-0.25135243,-0.25963545,-0.1108461,-0.36185044,-0.5546613,-0.0055476427,-0.28418487,-0.35838157,-0.268031,-0.5165777,-0.46394187,-0.31371808,-0.122629225,-0.080203414,0.11798141,-0.3720157,-0.11228293,-0.3840652,-0.35993809,-0.3389393,-0.59045565,-0.3817441,-0.22172773,-0.40898222,-0.36937463,-0.40383613,0.29603186,-0.30391067,-0.3517844,-0.1707958,-0.12529665,-0.59385407,0.25994736,-0.37439138,-0.21445066,-0.38835824,-0.41835016,-0.35038155,-0.26515627,-0.1159696,0.25863624,0.04200255,-0.38815337,-0.38682628,-0.3530255,-0.41098863,-0.3598826,-0.61589193,-0.49002987,-0.12695223,-0.28190845,-0.27537334,-0.4164495,-0.35345238,-0.42271852,-0.3279884,-0.18876779,-0.20243776,-0.43910384,-0.0020725727,-0.26368666,-0.14247757,-0.3672217,0.012817379,-0.11358088,-0.30293864,-0.43891644,-0.17016,-0.21188569,-0.14529902,-0.51301455,-0.19383287,-0.3808514,-0.4449638,-0.624485,-0.44954163,-0.4301691,-0.114786685,-0.26692384,-0.22362667,-0.44597912,-0.111721516,-0.24196053,-0.42749345,-0.34163123,-0.3316319,-0.4614811,-0.41624635,-0.45295483,-0.29988718,-0.0720641,-0.3687482,-0.2588982,-0.22485924,-0.03539008,-0.18326777,-0.22102648,-0.4018063,-0.20405072,-0.522353,-0.18715507,-0.20490623,-0.34688622,-0.30898458,-0.38288653,-0.09487766,-0.19625533,-0.117902815,-0.22560573,-0.33409196,-0.1633265,-0.4240899
-0.16628033,-0.53759634,-0.5585699,-0.1620431,-0.14269477,-0.34108174,-0.24105269,-0.12041432,-0.20140111,-0.28859818,-0.29064363,-0.44722545,-0.31510037,-0.27805454,-0.24456525,-0.24140084,-0.34241432,-0.15386093,-0.31867576,-0.4010648,-0.35573602,-0.21600217,-0.2738341,-0.32554162,-0.2516939,-0.38045478,-0.38227707,-0.16130286,0.068433255,-0.18624485,-0.05497396,-0.30456454,-0.29935652,-0.26157272,-0.5294013,-0.12400895,-0.44804,-0.33399266,-0.25022477,-0.40005392,-0.3539707,-0.39584523,-0.04373032,-0.2907421,-0.35646313,-0.37923294,-0.17661834,-0.43761456,-0.05604267,-0.39051765,-0.13558185,-0.32581985,-0.40816313,-0.12312698,-0.23883808,-0.1310795,-0.14161116,-0.21598172,-0.40919912,-0.2952969,-0.38761503,-0.25970322,-0.3267408,-0.45176387,-0.47064316,-0.18418598,-0.19713253,-0.43097633,-0.40926808,-0.23156959,-0.24323815,-0.34160745,-0.32705367,-0.21540064,-0.45154756,-0.24337983,-0.31709743,-0.07314736,-0.33594745,-0.2845391,-0.16986495,-0.37841654,-0.3024031,-0.2724058,-0.21325165,-0.28031975,-0.3366021,-0.19806129,-0.20481014,-0.362238,-0.46362448,-0.4551838,-0.48676032,-0.24280947,-0.28250557,-0.28251314,-0.45529592,0.0219744,-0.20323163,-0.34487683,-0.34715235,-0.31953365,-0.3205338,-0.42331177,-0.47214776,-0.24406618,-0.31896687,-0.35282087,-0.28406984,-0.3208326,-0.22086704,-0.15120047,-0.24036217,-0.339894,-0.19306833,-0.41329128,-0.18179154,-0.22552383,-0.35048664,-0.36816043,-0.5535751,-0.18062007,-0.19053781,-0.2353512,-0.34312606,-0.3046404,-0.34420812,-0.405775
0.116728105,-0.4369948,-0.34934115,0.0147178285,-0.1842463,-0.3441366,-0.36308575,0.08958411,-0.13017708,-0.34712052,-0.48727292,-0.4675703,-0.1413433,-0.17393476,0.030128065,-0.14295846,-0.5491619,0.18101925,-0.44026965,-0.49178177,-0.46168774,-0.35459852,-0.050732255,-0.00094270706,-0.30185896,-0.26503015,-0.39763778,-0.20330238,0.22351357,-0.28208727,0.04296256,-0.32205468,-0.42677307,-0.121759176,-0.34646577,-0.17831469,-0.49208283,-0.16121632,-0.25762463,-0.3494225,-0.3349452,-0.2166645,-0.15938216,-0.37821198,-0.3315313,-0.29061246,-0.44154692,-0.47964132,-0.1953631,-0.22013408,0.062109172,-0.3836962,-0.50243735,-0.12959993,0.10747446,-0.08454579,-0.15339237,-0.2976582,-0.54898447,-0.19164622,-0.38144493,-0.2659582,-0.24625617,-0.4571442,-0.47030735,-0.31754023,-0.06422478,-0.109277844,-0.3868721,-0.29442453,-0.2675345,-0.3010596,-0.51110697,0.035912357,-0.44857103,-0.20056379,-0.49393052,-0.43295366,-0.17578268,-0.2812298,-0.03259033,-0.41903788,-0.16958588,0.07983148,-0.22471732,-0.28465837,-0.38554537,-0.2375589,-0.3245126,-0.20462573,-0.5096097,-0.43816876,-0.3333097,-0.31755352,-0.33134508,-0.2163164,-0.41047972,0.15199322,-0.23428196,-0.38808364,-0.35112774,-0.31770468,-0.34822083,-0.31393868,-0.3426401,0.0713631,-0.31863403,-0.22793627,-0.31168944,-0.22731298,-0.3425688,-0.04264891,-0.26917076,-0.2729569,-0.35317987,-0.54617906,0.07563138,-0.24870938,-0.12488997,-0.3716973,-0.5324805,-0.30760574,0.13347621,-0.2891556,-0.542199,-0.4138565,-0.45379972,-0.37486792
0.0072459057,-0.36587065,-0.23767132,0.096052855,-0.22962743,-0.35798013,-0.37512296,0.25823087,-0.043881774,-0.4121244,-0.5391023,-0.48344648,-0.107622445,-0.20748085,-0.01828891,0.0036948314,-0.59905994,0.21358527,-0.48528248,-0.51635903,-0.4016255,-0.41905242,-0.06513566,0.07098907,-0.31223494,-0.2169863,-0.33297706,-0.09712213,0.17886628,-0.29780817,0.009073172,-0.26354867,-0.46874887,0.12488828,-0.22490203,-0.20220196,-0.3848911,-0.11547178,-0.26211238,-0.27241218,-0.267515,-0.14697397,-0.23301,-0.37692076,-0.3164959,-0.34792608,-0.52586776,-0.4279151,-0.26723313,-0.15790296,0.0079143215,-0.37736642,-0.4569831,-0.063786566,0.16644362,-0.07703036,-0.27101976,-0.34763438,-0.5795339,-0.07594365,-0.38856345,-0.30888712,-0.20725948,-0.37443757,-0.45551282,-0.3310458,0.067736365,-0.060044408,-0.40026408,-0.28927344,-0.19359016,-0.28944254,-0.56671214,-0.018630028,-0.47563583,-0.24636465,-0.5174272,-0.51177394,-0.07943463,-0.31201,-0.025470614,-0.4552127,-0.11105996,0.1358325,-0.23205006,-0.30246854,-0.35885346,-0.25263417,-0.2977726,-0.13275152,-0.4311428,-0.42901713,-0.301409,-0.3392707,-0.371763,-0.19534957,-0.4004895,0.12207999,-0.26680893,-0.38891077,-0.345087,-0.2919094,-0.3496474,-0.24880862,-0.27500892,0.098668,-0.37113035,-0.22764671,-0.3285913,-0.08075142,-0.37848157,0.035332426,-0.2856772,-0.20399445,-0.3840751,-0.5289916,0.16792372,-0.26656544,-0.06724566,-0.30629337,-0.49880224,-0.37216967,0.12649979,-0.39307523,-0.59835744,-0.4241742,-0.45525187,-0.3867681
0.019699886,-0.23672962,-0.012142122,0.0307675,-0.25485635,-0.35221785,-0.28194606,0.21682328,-0.05274123,-0.44377488,-0.55708027,-0.48957777,-0.1308958,-0.28749084,0.018927123,-0.0032950044,-0.63006175,0.24824437,-0.5376094,-0.50151354,-0.41464508,-0.4602623,-0.047017157,0.0442123,-0.32436585,-0.08228892,-0.31337827,-0.12635827,0.04285159,-0.28907406,-0.07025868,-0.24653548,-0.44554806,0.12222751,-0.03886366,-0.2910909,-0.277116,0.071436055,-0.2615767,-0.18322068,-0.20565057,-0.1542347,-0.27724695,-0.33394122,-0.2932533,-0.42662203,-0.48785847,-0.41878808,-0.28016645,0.006400552,-0.0096850395,-0.382401,-0.48023206,-0.15858698,0.23700634,-0.060541272,-0.31567287,-0.38683975,-0.58151734,0.102310434,-0.29301697,-0.3724165,-0.17748785,-0.2693662,-0.42655355,-0.37850612,0.07446992,0.22773126,-0.35030526,-0.350357,-0.13573122,-0.266721,-0.59718186,-0.013017356,-0.45766968,-0.22344482,-0.4375022,-0.5097766,-0.049980164,-0.34764028,-0.086670816,-0.45131326,-0.013715923,0.35124576,-0.23563653,-0.37859786,-0.41275316,-0.25872183,-0.3358667,0.08339991,-0.3570236,-0.40096438,-0.317837,-0.41868562,-0.37150508,-0.11532682,-0.3776461,0.0057177255,-0.35134584,-0.38976836,-0.3328942,-0.24973106,-0.40253103,-0.16024095,-0.29629755,0.16955619,-0.41660798,-0.17254502,-0.32887483,0.055870272,-0.35402012,0.04156953,-0.29752654,-0.15205628,-0.42574722,-0.5543173,0.1294219,-0.2720281,-0.05429572,-0.20282084,-0.34015268,-0.4235397,0.17066003,-0.42830372,-0.63601434,-0.44716018,-0.4167121,-0.37050527
0.090248875,-0.18002832,0.114906564,-0.033461988,-0.2701307,-0.34466487,-0.22785223,0.13223732,-0.0723418,-0.4478193,-0.55884993,-0.49022907,-0.16614473,-0.32453263,0.08396476,-0.064091444,-0.6404397,0.28743201,-0.5670903,-0.48662233,-0.44533288,-0.47529233,-0.015192032,0.020619243,-0.328866,0.017009921,-0.32676524,-0.18589228,-0.006071627,-0.28553307,-0.10994744,-0.26359797,-0.42486125,0.019552404,0.021704227,-0.3238337,-0.25477558,0.19599226,-0.2587527,-0.16005558,-0.20148128,-0.17730701,-0.2967108,-0.30933082,-0.28617042,-0.45635223,-0.4316572,-0.42808753,-0.27605003,0.10330746,0.023703875,-0.38438702,-0.52236676,-0.22994173,0.28366563,-0.050910056,-0.31312144,-0.40860385,-0.5747442,0.18219072,-0.21410608,-0.38575244,-0.17088693,-0.22424644,-0.41347307,-0.41272348,0.026539939,0.4069766,-0.30140245,-0.3869323,-0.119164824,-0.26018643,-0.605813,0.033602163,-0.43163055,-0.1954028,-0.380723,-0.4855981,-0.0670411,-0.37330508,-0.12629867,-0.44126016,0.052714292,0.4846239,-0.23388058,-0.42563343,-0.44897705,-0.25614977,-0.37050653,0.21979141,-0.33822668,-0.38847256,-0.33626223,-0.46726668,-0.35707724,-0.069657624,-0.36921906,-0.038451314,-0.3908834,-0.38646543,-0.32937992,-0.23109865,-0.42825937,-0.12989795,-0.3339603,0.23352742,-0.4364974,-0.11849934,-0.3227743,0.065893725,-0.33423954,0.025440596,-0.30025274,-0.1447832,-0.44617462,-0.5810962,0.076370254,-0.26973236,-0.05774045,-0.16779363,-0.24360168,-0.43893695,0.23038769,-0.415102,-0.64958787,-0.45907754,-0.40377855,-0.3528409
0.31312257,-0.34199208,-0.016937733,-0.06749147,-0.33067578,-0.33278114,-0.3170907,0.007580217,-0.061625898,-0.4579059,-0.5668732,-0.4851634,-0.27601933,-0.3088972,0.2747502,-0.19450003,-0.63771677,0.39773306,-0.60013115,-0.48490006,-0.47490114,-0.4840427,0.10070339,0.041272815,-0.32309264,0.09121518,-0.39418995,-0.28267795,0.21309422,-0.33316118,-0.11798066,-0.3307371,-0.46053058,-0.23159564,-0.2729233,-0.20372659,-0.38816893,0.22057346,-0.26623452,-0.27910239,-0.30944782,-0.22737211,-0.34081215,-0.3220827,-0.31112975,-0.45000297,-0.36732686,-0.44223416,-0.31849426,0.04415647,0.22639483,-0.38762158,-0.61086833,-0.21429867,0.31154636,-0.055179298,-0.29210252,-0.44716346,-0.5718184,0.06849343,-0.21564633,-0.24590838,-0.19048238,-0.26936805,-0.43185586,-0.449201,-0.09440267,0.34168506,-0.2581479,-0.36698085,-0.14230514,-0.28140867,-0.6063658,0.21136488,-0.38994926,-0.21506733,-0.4084527,-0.4188673,-0.15950114,-0.44277644,-0.12455028,-0.42989647,0.10142401,0.45926166,-0.22759372,-0.4596843,-0.41959572,-0.24518245,-0.36698705,0.22018895,-0.39986354,-0.4049886,-0.3762524,-0.50264895,-0.31653142,-0.11445534,-0.38197064,0.11504564,-0.33905876,-0.36126167,-0.34303945,-0.26466346,-0.37365562,-0.22070658,-0.4116463,0.34048033,-0.46427768,-0.05544895,-0.3147847,-0.22158605,-0.3897677,-0.041894734,-0.29321593,-0.19303298,-0.4364835,-0.60057485,-3.2782555e-06,-0.2579381,-0.08070761,-0.32028186,-0.4191541,-0.41189122,0.354918,-0.3082204,-0.6447658,-0.45834756,-0.50463367,-0.31639856
0.21156397,-0.36457586,-0.112315774,-0.0025454164,-0.30868828,-0.3417341,-0.35118198,0.107454866,-0.044320703,-0.45204675,-0.56362706,-0.48567742,-0.23127604,-0.2753746,0.1836718,-0.124462366,-0.6279758,0.34393406,-0.56857,-0.49958718,-0.44192237,-0.46856844,0.050718278,0.05943541,-0.3201242,-0.017925441,-0.3721155,-0.21722251,0.22646745,-0.32920325,-0.07976431,-0.3055514,-0.47367972,-0.114581406,-0.27845734,-0.18695265,-0.38736588,0.09837554,-0.26827568,-0.2809667,-0.2974803,-0.19979048,-0.31766087,-0.34327382,-0.31404823,-0.42224807,-0.43679088,-0.4309551,-0.3159001,-0.039876223,0.16259143,-0.3839875,-0.5648786,-0.14688635,0.2624449,-0.06363219,-0.29781038,-0.42216045,-0.57841617,0.010483682,-0.2918808,-0.25357777,-0.19390929,-0.30338478,-0.4408638,-0.41296488,-0.03473085,0.17883138,-0.31457704,-0.33436286,-0.15456998,-0.28443944,-0.5977229,0.1393277,-0.423693,-0.23821396,-0.4569428,-0.45555317,-0.13157302,-0.41063958,-0.087237954,-0.44161457,0.03141381,0.33426553,-0.2304588,-0.41174924,-0.38774848,-0.24987578,-0.3337375,0.09056294,-0.40674037,-0.41399908,-0.3544526,-0.45334065,-0.3372892,-0.15041226,-0.38776833,0.1347427,-0.30643344,-0.36787087,-0.34453833,-0.27643824,-0.35485393,-0.233814,-0.36903238,0.26255926,-0.442019,-0.119743764,-0.32235146,-0.19064683,-0.39906585,-0.015486658,-0.29237896,-0.19321889,-0.4178226,-0.57291913,0.06300858,-0.2628975,-0.074635744,-0.32774973,-0.46969247,-0.40055513,0.27897006,-0.3403762,-0.63212216,-0.4470392,-0.5007332,-0.33954942
-0.12492865,-0.46073252,-0.54406583,-0.45362175,-0.19508302,-0.37084156,0.025053147,-0.5471684,-0.32381552,-0.12829185,-0.017153382,-0.47364622,-0.4879278,-0.40312958,-0.2950046,-0.5415336,-0.13584024,-0.21503925,-0.3665008,-0.28114426,-0.5224623,-0.17256302,-0.39258772,-0.562846,-0.24005038,-0.3510856,-0.43922192,-0.43394476,-0.3013314,-0.058458626,-0.21315801,-0.442917,0.06397344,-0.65794396,-0.5815763,-0.3003373,-0.43256944,-0.24584234,-0.19734085,-0.43245703,-0.49868375,-0.55242985,-0.018995762,-0.2547769,-0.42967665,-0.4392115,0.44595426,-0.47088438,0.3471901,-0.39802653,-0.2504037,-0.21195304,-0.5938616,-0.4407683,-0.2686512,-0.12913191,0.1018444,-0.27639163,-0.15381265,-0.21028477,-0.054726005,-0.2741366,-0.46312273,-0.43637908,-0.49480635,-0.24563557,-0.5038017,-0.3145777,-0.15117711,-0.2873881,-0.29989105,-0.4120676,-0.1199671,-0.2672066,-0.36157966,-0.046281874,0.04200772,0.42225295,-0.54231644,-0.3985992,-0.39027673,-0.33182514,-0.273063,-0.18148124,-0.18102807,-0.36528152,-0.48177463,-0.15799034,-0.3634497,-0.2285229,-0.4834416,-0.49642986,-0.6015269,-0.36871326,-0.17603606,-0.17109925,-0.5214427,-0.29847115,-0.40191132,-0.27399832,-0.3591498,-0.23796082,-0.4090203,-0.53471184,-0.60203886,-0.23929012,-0.3667118,-0.25645238,-0.22989488,-0.3924619,0.099682115,-0.111147225,-0.20908958,-0.50214607,-0.10140371,-0.53823996,-0.39668912,-0.18360788,-0.48612648,-0.2280907,-0.2555964,-0.08802426,-0.19345927,-0.06449449,-0.16566628,-0.1237762,-0.13865167,-0.3565448
-0.12083119,-0.467049,-0.54042,-0.46677214,-0.2164625,-0.37116456,0.039785717,-0.55647063,-0.3244182,-0.15766686,-0.02600789,-0.4758144,-0.512257,-0.42340404,-0.287579,-0.54878765,-0.13662702,-0.21835822,-0.38790935,-0.27240455,-0.5154528,-0.18829668,-0.39216733,-0.57424915,-0.24065518,-0.32994026,-0.4373259,-0.43834186,-0.30165565,-0.06557155,-0.23834163,-0.44068253,0.059012983,-0.6668004,-0.5948981,-0.29659152,-0.41924888,-0.22817427,-0.20108509,-0.43162245,-0.4987452,-0.5645175,-0.043510914,-0.23588967,-0.43095088,-0.46824998,0.4734708,-0.46331763,0.3257774,-0.39247382,-0.24595237,-0.21208102,-0.60169816,-0.442739,-0.27744287,-0.12940079,0.070404366,-0.29527795,-0.14976126,-0.19941962,-0.041089416,-0.26610404,-0.46262395,-0.41735274,-0.4921466,-0.2558208,-0.5097339,-0.31068122,-0.1392734,-0.29308188,-0.28291476,-0.4139374,-0.1285302,-0.2646861,-0.35896868,-0.059540927,0.07813259,0.45468044,-0.55116475,-0.42260307,-0.40124983,-0.3314349,-0.25991195,-0.17625523,-0.18247867,-0.38850355,-0.4791605,-0.1581431,-0.3555494,-0.20548344,-0.46764725,-0.49555278,-0.6166822,-0.38865507,-0.17284602,-0.16729021,-0.5221987,-0.30335897,-0.40543348,-0.26710385,-0.3584624,-0.23054641,-0.40785575,-0.5349997,-0.61739445,-0.23618066,-0.39361626,-0.25157028,-0.2309379,-0.40358382,0.08403186,-0.119509876,-0.21176845,-0.49612325,-0.09802598,-0.53424054,-0.41515094,-0.18382037,-0.49675167,-0.22814637,-0.2592938,-0.09745753,-0.19620639,-0.06406617,-0.16991353,-0.121281385,-0.15059638,-0.35325885
-0.22099853,-0.50912404,-0.55385935,-0.38746482,-0.34645915,-0.37046784,-0.16461915,-0.48502398,-0.10755837,-0.20108843,-0.052688956,-0.48287284,-0.54281163,-0.43630254,-0.3006063,-0.48402196,-0.1934523,-0.09007871,-0.44370407,-0.32764393,-0.3786037,-0.2795077,-0.39347667,-0.5267503,-0.21433449,-0.2450481,-0.38368332,-0.34038693,-0.19568926,-0.1120348,-0.27045667,-0.42086172,-0.065817595,-0.613068,-0.65622884,-0.11356181,-0.30704403,-0.22230607,-0.20176697,-0.43329096,-0.5054624,-0.5235933,-0.21838081,-0.30257642,-0.43327582,-0.48544753,0.44612947,-0.31789392,0.18364194,-0.4273727,-0.1927517,-0.11151832,-0.5847646,-0.29843825,-0.20812732,-0.14075023,-0.121582806,-0.39469492,-0.13858312,-0.121341884,-0.07241607,-0.12495482,-0.45729017,-0.28771257,-0.48417526,-0.26930314,-0.4702477,-0.43823582,-0.1285122,-0.14296639,-0.17814714,-0.42097664,-0.19606513,-0.2845446,-0.35362566,-0.20148873,-0.07102895,0.50184786,-0.5138454,-0.50909853,-0.42089105,-0.38815647,-0.14379966,-0.27370054,-0.16786057,-0.4014358,-0.34314615,-0.14939517,-0.254914,-0.16883522,-0.34885514,-0.50410664,-0.6000682,-0.41158098,-0.1723637,-0.23172581,-0.53061455,-0.21514404,-0.38631564,-0.18477392,-0.36719888,-0.24710113,-0.2760632,-0.5531211,-0.57809675,-0.18615639,-0.44406193,-0.23234004,-0.2362678,-0.44782448,0.029009148,-0.061549246,-0.20996207,-0.50247455,-0.08933872,-0.47526306,-0.3622042,-0.19335216,-0.47037482,-0.2783466,-0.3901962,-0.11780894,-0.1640979,-0.14314896,-0.24116337,-0.071353436,-0.25006282,-0.3328547
-0.30860722,-0.5292453,-0.58081007,-0.2437287,-0.28983963,-0.3595646,-0.25555342,-0.29240233,-0.036845505,-0.21174556,-0.11876631,-0.46797955,-0.44688714,-0.37164152,-0.34749854,-0.33043456,-0.24501836,-0.10707849,-0.37209117,-0.37822586,-0.26788735,-0.25783384,-0.38499892,-0.43812764,-0.2088902,-0.31663692,-0.3440774,-0.17201489,-0.08313835,-0.13061118,-0.18203586,-0.35431457,-0.1850875,-0.41934407,-0.6168983,-0.034477293,-0.2985217,-0.31239933,-0.21445322,-0.40919513,-0.43589842,-0.44675654,-0.1799885,-0.33154482,-0.39994162,-0.42677653,0.17634252,-0.2917726,0.07078563,-0.4476148,-0.20267695,-0.14859378,-0.46234596,-0.13164043,-0.22108352,-0.14816266,-0.18491918,-0.3324579,-0.23813742,-0.17430943,-0.24609321,-0.15428352,-0.40998882,-0.3128897,-0.4740494,-0.19892675,-0.3317551,-0.51815724,-0.2811702,-0.08768326,-0.16569561,-0.3912108,-0.24138355,-0.31999117,-0.40424985,-0.27076417,-0.23134774,0.2974497,-0.4187585,-0.42868096,-0.33722037,-0.4058603,-0.19940001,-0.35785156,-0.17612189,-0.3265494,-0.26336884,-0.1625117,-0.17265648,-0.28704876,-0.3371384,-0.48802298,-0.53884065,-0.3159665,-0.22162485,-0.29377782,-0.5065193,-0.10369873,-0.30606514,-0.22438776,-0.3604746,-0.29228282,-0.23229319,-0.51402247,-0.49731433,-0.2447164,-0.38239086,-0.30816227,-0.2553627,-0.38263208,-0.047700822,-0.069493055,-0.21597213,-0.4517684,-0.110218644,-0.39524096,-0.25344133,-0.20779872,-0.41869634,-0.31546324,-0.48865944,-0.13166219,-0.21436489,-0.23355997,-0.2805419,-0.1402368,-0.2803349,-0.37168062
-0.32497615,-0.5761449,-0.566807,-0.29819798,-0.34413064,-0.35081983,-0.15901309,-0.24400866,-0.09533405,-0.4166252,-0.2324084,-0.4667278,-0.5560702,-0.48229557,-0.32347572,-0.2932008,-0.280769,-0.21736246,-0.45462567,-0.33765215,-0.13032764,-0.31642127,-0.3680271,-0.49928433,-0.2217933,-0.21505815,-0.30758482,-0.10721153,-0.040620983,-0.1903565,-0.3002584,-0.2587552,-0.28075272,-0.35478866,-0.65422773,-0.020783424,-0.18617249,-0.25859892,-0.25987893,-0.3780837,-0.34750658,-0.51585853,-0.2513094,-0.15953046,-0.37799168,-0.6018727,0.15766871,-0.25300175,-0.15451199,-0.40254194,-0.19579989,-0.22781026,-0.420469,-0.07208753,-0.34155297,-0.16051799,-0.37846512,-0.379422,-0.29733557,-0.16041183,-0.29492486,-0.1709702,-0.34695643,-0.18340063,-0.44217503,-0.21583849,-0.2688974,-0.52273524,-0.33330876,-0.16846061,-0.01689589,-0.3757137,-0.3173048,-0.3253668,-0.43343788,-0.3704419,-0.056115627,0.3580948,-0.43076056,-0.5049057,-0.3473838,-0.39679873,-0.18090814,-0.35971576,-0.206115,-0.4512077,-0.2199282,-0.1779927,-0.032125235,-0.22227913,-0.19213533,-0.45975065,-0.6282468,-0.38999635,-0.24462456,-0.28997165,-0.48464078,-0.09703511,-0.26616144,-0.23271406,-0.34303617,-0.2658319,-0.24426961,-0.46080595,-0.5941099,-0.2950489,-0.51559955,-0.34863114,-0.27891362,-0.394669,-0.22059548,-0.18199152,-0.24572796,-0.31893706,-0.11323875,-0.2772975,-0.36571407,-0.22197753,-0.47771358,-0.3290261,-0.55158055,-0.21086562,-0.30027634,-0.28107822,-0.320871,-0.20648402,-0.35025984,-0.38673496
-0.31536967,-0.57035756,-0.56908417,-0.29870993,-0.25042248,-0.34329355,-0.07147682,-0.19482899,-0.21355826,-0.4301057,-0.25990576,-0.45402795,-0.5147774,-0.46573454,-0.33282453,-0.26071554,-0.2772662,-0.30658418,-0.40301818,-0.32295632,-0.17102224,-0.26447058,-0.3596279,-0.5015896,-0.23683387,-0.28397572,-0.3193379,-0.09260064,-0.057462573,-0.1824767,-0.2631073,-0.22017455,-0.28465843,-0.28013855,-0.60644776,-0.11047286,-0.2454508,-0.29215944,-0.27181524,-0.36097288,-0.2857805,-0.5197094,-0.14983076,-0.0970636,-0.3561479,-0.59877086,0.051932707,-0.33564705,-0.15910208,-0.3834042,-0.22942263,-0.30604845,-0.35742438,-0.10117519,-0.3980145,-0.15904802,-0.35204166,-0.29775107,-0.3476841,-0.22448796,-0.35146213,-0.26653266,-0.31506795,-0.26678634,-0.4364506,-0.17706674,-0.21446514,-0.4967836,-0.4004504,-0.2479822,-0.062892735,-0.35379738,-0.31243908,-0.330868,-0.4600345,-0.34998935,-0.01843369,0.25047195,-0.41280395,-0.4294513,-0.2956909,-0.37093908,-0.26818222,-0.34650683,-0.22318292,-0.43274957,-0.27815497,-0.1901766,-0.045065224,-0.28277326,-0.25449032,-0.4413619,-0.62660676,-0.34410727,-0.26910806,-0.2804529,-0.46350002,-0.10586184,-0.23219925,-0.29644012,-0.33172703,-0.27228093,-0.31263775,-0.41721177,-0.5995401,-0.35131985,-0.48546028,-0.39428508,-0.2871629,-0.33617985,-0.24811554,-0.23275346,-0.25364888,-0.2579825,-0.1280865,-0.26131982,-0.37079,-0.22496921,-0.48039663,-0.31982434,-0.54451966,-0.21697515,-0.3470773,-0.2859286,-0.30562508,-0.2683881,-0.32377648,-0.41509795
-0.2868864,-0.5753261,-0.5582249,-0.3593368,-0.18792689,-0.3344223,0.1033378,-0.20279807,-0.3457383,-0.4979927,-0.30566037,-0.44452655,-0.5367299,-0.50108665,-0.31933665,-0.27050364,-0.27064908,-0.4104699,-0.39951962,-0.27434146,-0.19834203,-0.23732978,-0.3471309,-0.5474981,-0.25765902,-0.29160094,-0.3305602,-0.114489794,-0.093542755,-0.18915105,-0.2909295,-0.16556025,-0.2901494,-0.2622831,-0.5821173,-0.20595908,-0.2644903,-0.27831852,-0.2958182,-0.3394872,-0.20842445,-0.5655124,-0.079144,0.06333816,-0.33520252,-0.6565824,0.021935724,-0.40403974,-0.20595497,-0.3389722,-0.2549652,-0.39027494,-0.32308686,-0.16256034,-0.47953397,-0.15860271,-0.37249064,-0.24812484,-0.38880652,-0.26544434,-0.3800189,-0.34850252,-0.27427745,-0.2910183,-0.42102492,-0.16608006,-0.18833506,-0.44567937,-0.4434657,-0.35363257,-0.0558697,-0.334482,-0.3205694,-0.3279301,-0.48137748,-0.34572816,0.15168568,0.228222,-0.42917,-0.40307277,-0.27441478,-0.33428383,-0.32723033,-0.30830085,-0.24795187,-0.4732054,-0.34134823,-0.20374209,-0.03255427,-0.2849977,-0.2653513,-0.4155563,-0.6669376,-0.35278815,-0.28740174,-0.25038671,-0.44036,-0.14630091,-0.21002978,-0.3476795,-0.31551534,-0.25510466,-0.38867944,-0.36229753,-0.65203786,-0.40469748,-0.5142629,-0.4316771,-0.29783857,-0.3015381,-0.3091001,-0.3113413,-0.27004522,-0.15202522,-0.13631701,-0.22867042,-0.43891042,-0.22971886,-0.51625717,-0.30436754,-0.5343996,-0.24524444,-0.40429503,-0.28320032,-0.29183698,-0.32873374,-0.3128702,-0.4359051
-0.21105129,-0.48477507,-0.57791734,-0.28880697,0.23201095,-0.32233548,0.08203786,-0.22326124,-0.49221623,-0.3280645,-0.2524619,-0.3840899,-0.2297833,-0.3137141,-0.35973614,-0.27785414,-0.25772232,-0.4891305,0.015140983,-0.3253885,-0.44112676,0.1979479,-0.32432568,-0.43384957,-0.31948435,-0.5340556,-0.39862126,-0.22798693,-0.1726495,-0.09470779,0.07798274,-0.19404638,-0.17391413,-0.21784854,-0.38869005,-0.38143635,-0.5097796,-0.43675852,-0.32302284,-0.3110199,-0.149719,-0.3957466,0.30338523,-0.11037254,-0.2771557,-0.4480561,-0.20707804,-0.5757562,-0.015004039,-0.34895653,-0.27902365,-0.47951722,-0.21942651,-0.30547202,-0.4862607,-0.17937511,-0.046777904,0.10857697,-0.41064298,-0.44962555,-0.46802098,-0.48912263,-0.27187032,-0.5582075,-0.4230845,0.13947962,-0.16773725,-0.30891526,-0.52167594,-0.4068495,-0.37501258,-0.26746315,-0.17338085,-0.34452724,-0.501509,-0.04644066,-0.13335717,-0.16260779,-0.29185563,-0.02848357,-0.13300437,-0.24721813,-0.53605986,-0.29075688,-0.28750825,-0.15125477,-0.4852875,-0.26584607,-0.18239778,-0.51465404,-0.57540655,-0.35249162,-0.50715923,-0.13015026,-0.3097962,0.024414118,-0.36316454,-0.19019258,-0.13254511,-0.43967456,-0.2899657,-0.23850513,-0.48551112,-0.25675386,-0.5038469,-0.4633677,-0.2372849,-0.495615,-0.30509895,-0.18136084,-0.18647975,-0.36569464,-0.27170837,-0.22130841,-0.26390707,-0.3487996,-0.3573174,-0.27353543,-0.40082788,-0.32449228,-0.4010436,-0.17836607,-0.3969342,-0.22993845,-0.16669655,-0.38637072,-0.13967645,-0.468435
-0.21767783,-0.45585865,-0.56638384,-0.18545043,0.14695878,-0.33263987,-0.21604186,-0.27966744,-0.37914997,-0.28896165,-0.23552412,-0.35448462,-0.16390151,-0.26127082,-0.3568499,-0.2944014,-0.31655687,-0.41434819,0.16321898,-0.39226645,-0.42779016,0.3845759,-0.29309553,-0.2860611,-0.35421664,-0.536525,-0.3646466,-0.26608753,-0.12661976,-0.055986702,0.19043705,-0.21301025,-0.18502265,-0.27219903,-0.46771377,-0.30035222,-0.5004803,-0.4817611,-0.36110872,-0.27759308,-0.17624164,-0.14894193,0.16353597,-0.29170454,-0.25423175,-0.37157714,-0.23451144,-0.50670624,-0.08169174,-0.3771934,-0.17752755,-0.42482156,-0.2509498,-0.2638352,-0.41566372,-0.22588986,-0.08640051,0.05345969,-0.345276,-0.47392136,-0.46638978,-0.39774925,-0.28953028,-0.5307262,-0.40031284,0.35986418,-0.20782727,-0.31835115,-0.46463728,-0.26479203,-0.43231237,-0.24455386,-0.13552189,-0.3530578,-0.4647473,0.06614484,-0.38541275,-0.24313706,-0.12403965,-0.11690652,-0.1726318,-0.24292338,-0.5356778,-0.36034107,-0.3098631,0.09520982,-0.40655822,-0.31656557,-0.118525565,-0.5635383,-0.6119189,-0.30104887,-0.35799974,-0.1364758,-0.27819008,0.28083244,-0.31748074,-0.16378635,-0.08623117,-0.3560949,-0.27880895,-0.17442995,-0.38277465,-0.22362179,-0.32974303,-0.40293044,-0.20871639,-0.47472805,-0.3206702,-0.29802746,-0.15150213,-0.35876054,-0.27960682,-0.30897284,-0.35680276,-0.35251284,-0.31709313,-0.329902,-0.26964766,-0.38568187,-0.3858872,-0.18043244,-0.32290357,-0.237328,-0.15243095,-0.31934536,-0.16706556,-0.42455494
-0.22526681,-0.41259253,-0.51449543,-0.14180607,0.1524719,-0.3294465,-0.21016634,-0.28621793,-0.37125492,-0.19379872,-0.20032561,-0.34514356,0.009184059,-0.15003568,-0.36697423,-0.2757926,-0.2303443,-0.39613825,0.251349,-0.30934733,-0.45876312,0.37567016,-0.29176497,-0.24026752,-0.3451801,-0.54395676,-0.33165175,-0.26283568,-0.14908803,0.15580125,0.08407961,-0.2298311,-0.14553094,-0.27540898,-0.41813552,-0.28555566,-0.49631584,-0.48354828,-0.3295735,-0.25894147,-0.21651363,-0.15219247,0.2337345,-0.3129807,-0.24748719,-0.2641219,-0.23230648,-0.50084186,0.033290014,-0.37213248,-0.20083708,-0.3940009,-0.25144237,-0.27850235,-0.39324182,-0.15631992,0.012491051,0.14011486,-0.3061033,-0.46617413,-0.40171283,-0.37826562,-0.32663888,-0.5489607,-0.3860945,0.33372065,-0.23708397,-0.3250546,-0.356453,-0.2284553,-0.42753237,-0.22553825,-0.121346354,-0.3349362,-0.41833037,0.07378135,-0.3853981,-0.26826572,-0.06131792,0.00507652,-0.13045245,-0.19852668,-0.5346706,-0.35081953,-0.29095638,0.22677362,-0.40034246,-0.30303794,-0.18152398,-0.561027,-0.62148446,-0.2955311,-0.30184948,-0.034705102,-0.24096966,-0.01259166,-0.31962723,-0.16240424,-0.09253937,-0.35244006,-0.2799853,-0.22093761,-0.37651026,-0.25707567,-0.2654721,-0.386235,-0.098326206,-0.44673508,-0.30563712,-0.25846815,-0.11216515,-0.26524484,-0.24516606,-0.33902848,-0.27871203,-0.38953948,-0.2536655,-0.30927533,-0.25202984,-0.26807636,-0.30857027,-0.14095688,-0.3349896,-0.21415788,-0.08165038,-0.24582773,-0.12320346,-0.3721754
-0.29616815,-0.5626476,-0.5456339,-0.32017386,-0.22169083,-0.33760577,-0.013263404,-0.22066915,-0.28291553,-0.46754402,-0.28788358,-0.43796605,-0.5072267,-0.47312403,-0.32280344,-0.26969337,-0.26968133,-0.36616135,-0.36714542,-0.2820745,-0.19387561,-0.20832223,-0.3423342,-0.50527835,-0.2618711,-0.2893198,-0.3102134,-0.121763885,-0.07817042,-0.1425038,-0.2844532,-0.1830684,-0.2864337,-0.2820642,-0.59658366,-0.15577376,-0.25138545,-0.29447418,-0.29702783,-0.33181542,-0.23743463,-0.5178205,-0.11796552,-0.030263424,-0.33231133,-0.62513846,0.02316733,-0.36261022,-0.19551748,-0.35316324,-0.22706848,-0.35067248,-0.3378337,-0.14093918,-0.44387203,-0.15548944,-0.36683196,-0.25985909,-0.3548841,-0.2622481,-0.3581075,-0.2976097,-0.29387432,-0.27519184,-0.4138127,-0.12461209,-0.21156824,-0.45939404,-0.39360344,-0.28840345,-0.073895454,-0.32843357,-0.3102216,-0.32775968,-0.45862806,-0.32813329,0.03396485,0.20467584,-0.3848753,-0.41131824,-0.28137112,-0.3323264,-0.31413507,-0.33209205,-0.24538481,-0.41462034,-0.3007378,-0.21370173,-0.024177492,-0.30007768,-0.27963042,-0.4065302,-0.63059944,-0.340429,-0.2676627,-0.25163943,-0.43413055,-0.13181442,-0.20355898,-0.31068027,-0.31560975,-0.24989289,-0.34164786,-0.37021548,-0.6073556,-0.37418163,-0.49336356,-0.4118054,-0.29689252,-0.33057594,-0.28545165,-0.27570683,-0.26238537,-0.20503479,-0.1439079,-0.24284124,-0.409661,-0.24193501,-0.4824432,-0.3000859,-0.52232504,-0.2336756,-0.37876886,-0.28236592,-0.27894533,-0.2823804,-0.31566358,-0.40823066
-0.23024786,-0.37618828,-0.4471318,-0.096283615,0.0944539,-0.32993758,-0.25071126,-0.31439096,-0.33884758,-0.17047071,-0.19575214,-0.3275017,0.11551193,-0.07803261,-0.3620841,-0.27014875,-0.17566216,-0.37723917,0.31778887,-0.23060733,-0.45985323,0.4009079,-0.27010494,-0.17592412,-0.3527881,-0.5261708,-0.2779209,-0.26817942,-0.15027553,0.3428595,-0.04040259,-0.22566032,-0.1381563,-0.2967096,-0.4237588,-0.24360245,-0.46448022,-0.48134166,-0.3235103,-0.2163629,-0.23093265,-0.10255313,0.21611409,-0.32868862,-0.22831988,-0.22571552,-0.2288509,-0.46218467,0.042421475,-0.35740244,-0.18148762,-0.36424065,-0.2627557,-0.27577263,-0.37899095,-0.11104649,0.008232381,0.17023516,-0.25766236,-0.46264207,-0.33727348,-0.32716376,-0.34784317,-0.52972704,-0.3549828,0.37038794,-0.26705772,-0.32416242,-0.2170859,-0.16657358,-0.41139442,-0.19937932,-0.12191504,-0.31573123,-0.3603254,0.08074817,-0.40444142,-0.2912795,0.048581548,0.027306892,-0.12082183,-0.14762312,-0.52657044,-0.3569535,-0.29028767,0.35194325,-0.3603977,-0.30998206,-0.18632662,-0.5561284,-0.61811817,-0.26170862,-0.24334192,0.009214353,-0.19654745,-0.16693652,-0.3011576,-0.15873134,-0.07857901,-0.31823546,-0.2719307,-0.22662592,-0.33884007,-0.2576505,-0.19245815,-0.35621876,-0.06795323,-0.41837972,-0.3045509,-0.27164596,-0.121237576,-0.19993198,-0.22633624,-0.34713507,-0.23435283,-0.39456642,-0.23038876,-0.30997932,-0.2182849,-0.16593516,-0.24606329,-0.13461733,-0.33999187,-0.2030679,-0.024876118,-0.16173965,-0.11914474,-0.3055638
-0.21812189,-0.45771676,-0.584489,-0.14102674,0.10928015,-0.3383745,-0.34283864,-0.3024804,-0.3129657,-0.2947926,-0.23570007,-0.34233886,-0.18579555,-0.27166057,-0.3530861,-0.30905753,-0.37818658,-0.37651044,0.21206799,-0.45936757,-0.40946698,0.48989308,-0.279301,-0.21197385,-0.3747921,-0.538635,-0.36338103,-0.2869346,-0.09193301,-0.122158766,0.31097966,-0.21784592,-0.20268524,-0.29637682,-0.5199239,-0.26246643,-0.50223637,-0.50534797,-0.39173645,-0.27101332,-0.17584819,0.024329616,0.06726183,-0.36916173,-0.24557996,-0.35921943,-0.25003982,-0.47171962,-0.14853877,-0.39689058,-0.11055213,-0.40547514,-0.2654739,-0.23466122,-0.38076216,-0.2771386,-0.13427716,-0.007933617,-0.32403195,-0.4900682,-0.49311566,-0.35369247,-0.2836274,-0.5119498,-0.3957641,0.48668757,-0.21516407,-0.32213902,-0.4787646,-0.19272286,-0.46695036,-0.24063033,-0.116744876,-0.36727673,-0.46589506,0.12666567,-0.49098563,-0.27287215,-0.050647795,-0.19699866,-0.20779431,-0.2610817,-0.53771377,-0.39886212,-0.3280595,0.18205959,-0.36554205,-0.34659553,-0.057953954,-0.5906142,-0.6288002,-0.27759653,-0.28288937,-0.1733244,-0.277883,0.54550433,-0.29142517,-0.1500228,-0.05850488,-0.3112734,-0.27308208,-0.11986613,-0.32461882,-0.19308013,-0.23886496,-0.3770036,-0.22588038,-0.47567958,-0.33337837,-0.36509955,-0.13922518,-0.39071614,-0.29628944,-0.34444338,-0.43094218,-0.34266436,-0.3143986,-0.3656125,-0.19421297,-0.46134937,-0.4072404,-0.19352311,-0.27247697,-0.24948299,-0.17249566,-0.31292403,-0.1946171,-0.42342526
