-0.62697214,-0.04499674,-0.3862121,-0.339759,0.18761072,-0.4278465,-0.12361294,0.015224814,-0.190624,-0.452713,-0.22899806,-0.39713532,-0.3048101,-0.6008105,-0.54512244,-0.3066998,-0.11887288,-0.3241645,-0.20961034,-0.27559912,-0.5021293,0.54814535,-0.26551956,-0.21819794,-0.50264156,-0.29363948,0.07411817,0.08472656,0.28222504,0.047799937,-0.18068844,-0.25727224,-0.05101812,-0.49736816,-0.06343573,-0.56534064,-0.2033943,-0.121744156,-0.2627465,0.04112575,-0.11722672,-0.5013557,-0.27285463,-0.39696908,0.06381435,-0.60713124,-0.58236074,-0.14820921,-0.49808955,-0.48248065,-0.18799639,-0.6906282,-0.054027617,0.02345797,0.50675344,0.1884694,0.32610586,-0.26230508,0.048434116,-0.071217,-0.39390373,-0.35762495,-0.36394393,0.024886057,-0.17482185,-0.2561546,-0.4559334,-0.45611453,-0.24737859,-0.42838526,-0.27037823,-0.27565455,-0.59507316,-0.12078321,-0.18342966,0.4229114,-0.440064,-0.08631039,-0.41949457,0.20274326,-0.2764727,-0.7025063,-0.05346322,-0.41640657,-0.44864905,-0.40693682,-0.45270646,-0.23981172,-0.43686372,-0.38379055,-0.4061073,-0.26310635,0.096462965,-0.6151016,-0.3506416,0.031776287,-0.1454624,-0.40503365,-0.31153983,-0.07610732,-0.35836256,0.18995771,-0.04079002,0.019502845,-0.53786564,-0.17701828,0.05607324,-0.24822032,0.12470035,-0.014805913,0.46917936,0.03814107,-0.42215824,-0.36226428,-0.23806387,0.08138822,-0.3341812,-0.73334664,0.076890536,-0.16427642,0.12083611,-0.60539603,-0.12549603,0.09938236,0.24851413,-0.4055603,-0.097798884,0.1880565
-0.64201576,-0.06371832,-0.37997967,-0.3875144,0.18242435,-0.4477284,-0.122395456,0.031283364,-0.18315512,-0.427635,-0.19874799,-0.41096872,-0.29296613,-0.59734666,-0.524375,-0.30902046,-0.14614207,-0.2894326,-0.1753298,-0.24395537,-0.49634314,0.5076138,-0.2794332,-0.22487265,-0.5345404,-0.2868278,0.055927288,0.08111461,0.29821697,0.032732554,-0.20985806,-0.26112312,-0.019346774,-0.45634365,-0.015726566,-0.589877,-0.26153475,-0.1724667,-0.2032255,0.046976253,-0.12264204,-0.5168344,-0.2606306,-0.40472573,0.070848815,-0.6243336,-0.57130504,-0.16282946,-0.485767,-0.49515736,-0.24136913,-0.66148365,-0.017081916,0.050619245,0.4494775,0.14008285,0.31552133,-0.30594134,-0.027799785,-0.06519514,-0.37978446,-0.3493377,-0.41118795,0.0068944283,-0.18265235,-0.2782628,-0.4420582,-0.40526295,-0.2513796,-0.4254945,-0.27714497,-0.26626712,-0.59853446,-0.13533759,-0.12497717,0.37555632,-0.39528894,-0.083838284,-0.4193424,0.19925039,-0.27639925,-0.6828888,-0.08032423,-0.41535598,-0.45950967,-0.41255194,-0.47343463,-0.22390032,-0.42324185,-0.38730204,-0.40682256,-0.21778655,0.1384653,-0.6203207,-0.34211516,0.0764414,-0.18159634,-0.4436059,-0.30368662,-0.021852672,-0.36557323,0.19574481,-0.08392739,0.04608438,-0.48922753,-0.17423886,-0.0260185,-0.23257917,0.07704491,-0.022021353,0.39315495,0.008014104,-0.39395982,-0.3738404,-0.22834706,0.05788162,-0.33307725,-0.7107128,0.047962077,-0.16108245,0.10338998,-0.6128858,-0.1399076,0.11893729,0.18721363,-0.44267374,-0.07638121,0.13492201
-0.46991664,0.077689715,-0.19680244,-0.3085034,-0.042463064,-0.32391036,0.1488825,-0.05182755,-0.21178293,-0.1779741,-0.25092053,-0.3259576,-0.31433588,-0.41582763,-0.3712743,-0.35468417,-0.2694415,-0.36440235,-0.3468852,-0.30911148,-0.40312183,0.3229823,0.02621018,-0.24210715,-0.29150063,-0.3119315,-0.07368618,0.16733949,-0.121242106,-0.28298151,-0.30353487,-0.3398915,-0.17795968,-0.39547652,-0.15056115,-0.34974617,-0.33893532,-0.123420954,-0.14253318,0.057870187,-0.34588408,-0.3902306,0.04319271,-0.3106432,-0.21022344,-0.29653603,-0.40355498,-0.17682356,-0.32233012,-0.2196557,-0.07995421,-0.5220512,-0.4363485,-0.069821656,0.22313873,-0.047481477,-0.07563609,-0.34596258,-0.08247441,-0.12279409,-0.2792372,-0.3153273,-0.22125655,-0.23833108,-0.24946356,-0.36740297,-0.36701077,-0.4543711,0.015557405,-0.37194157,-0.2750736,-0.27337706,-0.47430843,-0.15146148,-0.32081056,0.23800397,-0.4483379,-0.1503542,-0.26655406,-0.17081922,-0.21399999,-0.49212754,-0.042196453,-0.38629794,-0.33659363,-0.14469838,-0.17421705,-0.3100617,-0.18454069,-0.3300597,-0.17787045,-0.28289777,-0.12168366,-0.3377602,-0.4531731,-0.18482465,-0.32900536,-0.3132785,-0.10281122,-0.1452986,-0.10667497,-0.1829341,0.08682504,-0.3369519,-0.40717185,-0.17986554,-0.11147314,-0.21151704,-0.19170707,-0.04815632,0.21523589,-0.2375412,-0.334935,-0.20171404,-0.24700046,0.025512826,-0.2714135,-0.6125467,-0.21431345,-0.14086634,-0.24097669,-0.45370394,-0.32532823,-0.055087984,0.19116214,-0.3148659,-0.20177424,-0.14156097
-0.44517696,0.13284956,-0.1043846,-0.39199388,-0.102535665,-0.3131864,0.27170488,-0.11760342,-0.14069271,-0.026250422,-0.13111883,-0.3035242,-0.32021612,-0.3343284,-0.20071256,-0.33044118,-0.32696676,-0.2784611,-0.27557355,-0.25253743,-0.37024832,0.123992644,0.072799064,-0.260727,-0.315957,-0.2986517,-0.16478246,0.18416375,-0.21099168,-0.37783343,-0.3634832,-0.33992738,-0.14727157,-0.24305171,-0.111197114,-0.3466938,-0.46824968,-0.26523453,0.021348327,0.0028562746,-0.42396837,-0.36032712,0.11499336,-0.31481588,-0.30056137,-0.24835056,-0.31092846,-0.20929742,-0.23338598,-0.15737003,-0.2330054,-0.31225044,-0.4685229,-0.124798715,-0.03202194,-0.2305857,-0.24095017,-0.42744017,-0.28482854,-0.09623456,-0.13650954,-0.32144523,-0.3081891,-0.40050244,-0.29064786,-0.4666537,-0.31177497,-0.36236566,0.119536035,-0.3528098,-0.28804964,-0.2540689,-0.414442,-0.14968377,-0.22232795,0.0751059,-0.3565625,-0.1294142,-0.23996264,-0.24327248,-0.16837782,-0.30470836,-0.12723762,-0.34439367,-0.29889905,-0.18654615,-0.14241797,-0.28393584,-0.10372949,-0.29454058,-0.1315332,-0.113811076,-0.12049419,-0.24672872,-0.4449137,-0.1929707,-0.40982908,-0.36138064,0.038653746,-0.014306366,-0.019961357,-0.3288219,-0.037774205,-0.3838691,-0.16015232,-0.1699338,-0.2971344,-0.13669866,-0.36285454,-0.075702846,-0.08317977,-0.34115177,-0.23086214,-0.194431,-0.21123117,0.031387713,-0.24797279,-0.4905932,-0.3014469,-0.11588246,-0.3540573,-0.3988123,-0.38141233,-0.052607894,-0.104296684,-0.45170218,-0.19141781,-0.33781314
-0.4882419,-0.07239008,-0.1171093,-0.4406032,-0.18565351,-0.39749378,0.091503754,0.08044072,-0.28081465,0.13238692,-0.28011143,-0.3901949,-0.21185678,-0.31608236,-0.25125384,-0.42637765,-0.41072088,-0.31427687,-0.38426954,-0.22595084,-0.3093887,0.16818208,0.08382692,-0.27519566,-0.33531845,-0.30101043,-0.17103148,0.10981496,-0.20249009,-0.35903037,-0.42967737,-0.42290723,-0.16630596,-0.17158061,-0.037941694,-0.36942804,-0.44534063,-0.17487812,0.17725964,0.23303224,-0.39591342,-0.4475835,0.30368257,-0.2785133,-0.22841519,-0.2227161,-0.26170528,-0.17000926,-0.1458466,-0.1795417,-0.119601965,-0.3129334,-0.47023803,0.15199217,0.025644146,-0.17995888,-0.14706224,-0.48674864,-0.22282559,-0.19752908,-0.28829706,-0.1971696,-0.3119262,-0.19279462,-0.27295214,-0.3317123,-0.24437666,-0.23253465,0.020485196,-0.32221305,-0.29867274,-0.2353921,-0.47634166,-0.25627643,-0.26917064,-0.016611338,-0.28426766,-0.20069832,-0.14868444,-0.3086629,-0.21947747,-0.2688642,-0.052983403,-0.40056735,-0.3644182,0.17712708,-0.15169555,-0.30689514,0.10155441,-0.35539335,-0.065588355,-0.2781946,-0.04886532,-0.23706973,-0.47919756,-0.10830361,-0.47023714,-0.42990845,-0.07533389,-0.08155787,-0.06902146,-0.14249879,0.108766764,-0.36445272,-0.20794946,-0.18825138,-0.31255198,-0.19425517,-0.31661505,-0.10136062,-0.0067350864,-0.37411737,-0.20473868,-0.1483143,-0.25217813,-0.19414282,-0.24412787,-0.40029866,-0.39348036,-0.12364024,-0.32492238,-0.4477287,-0.4313622,-0.10680777,0.26855612,-0.25976747,-0.1765784,-0.26796556
-0.4908663,-0.23628294,-0.07561356,-0.46262294,-0.3110944,-0.4257344,-0.09969187,0.19833176,-0.38061553,0.33574057,-0.40438247,-0.42779028,-0.076057374,-0.2447505,-0.23966408,-0.5026192,-0.46857554,-0.35350388,-0.5121546,-0.19283807,-0.21886879,0.17426746,0.1741226,-0.2906453,-0.27970552,-0.29052567,-0.23289704,-0.012265205,-0.27351803,-0.37892157,-0.47107792,-0.48573864,-0.22657585,-0.085917175,-0.024942696,-0.30829751,-0.39872563,-0.121099055,0.34241635,0.5380019,-0.44944137,-0.46704006,0.53234476,-0.23532516,-0.20804298,-0.077819884,-0.19216108,-0.07852179,0.11530873,-0.079809904,-0.06855774,-0.27124226,-0.5321495,0.37971896,0.05585869,-0.17410403,-0.18266195,-0.50701225,-0.11415446,-0.29830283,-0.36896658,-0.04558623,-0.25404304,-0.018858433,-0.24051434,-0.19648385,-0.13260329,-0.14470065,-0.016924858,-0.26847774,-0.30943924,-0.20378083,-0.51624453,-0.32972872,-0.34564435,-0.18475246,-0.20294851,-0.25050843,0.04605755,-0.39334667,-0.26486075,-0.1703822,0.010698904,-0.44715506,-0.3727092,0.5989033,-0.068881094,-0.3568353,0.3591505,-0.3773862,0.0018620901,-0.411524,-0.075398386,-0.07760674,-0.5305468,-0.12733519,-0.5043745,-0.46551937,-0.12075353,-0.13427085,-0.030629158,-0.04321307,0.27116156,-0.4143877,-0.2167052,-0.20256865,-0.31734383,-0.23361528,-0.31432617,-0.14620101,0.037807003,-0.44458902,-0.17502981,-0.042364717,-0.29243255,-0.35773444,-0.23080683,-0.2758085,-0.5004333,-0.13205725,-0.33864462,-0.45926154,-0.5268822,-0.18590897,0.6126582,-0.08677453,-0.16425449,-0.18299085
-0.38433516,-0.18977386,-0.10769707,-0.38745505,-0.29792655,-0.4340574,-0.12256491,0.13075641,-0.33552068,0.13442641,-0.24460465,-0.40890002,-0.052903593,-0.25745595,-0.026791692,-0.31119657,-0.517105,-0.2943651,-0.3119818,-0.26553726,-0.27293658,-0.12302387,0.05219698,-0.29581124,-0.35265666,-0.31632406,-0.19396192,-0.03703302,-0.38914025,-0.23487288,-0.5136682,-0.48074096,-0.09852278,0.085673586,-0.11436427,-0.33250487,-0.28016967,0.1815785,0.15786014,0.122273244,-0.28885704,-0.45962125,0.23997441,-0.1903618,-0.37764204,-0.1421488,-0.23735279,-0.057218432,-0.1541037,-0.18097687,0.17918031,-0.05246812,-0.45455015,0.30742556,-0.24868983,-0.30111265,-0.1253025,-0.57094944,-0.32364196,-0.25774807,-0.2988338,-0.21819586,-0.366526,0.027992446,-0.30120832,0.016992753,-0.152964,-0.048722506,-0.05051875,-0.3018664,-0.28110862,-0.2561502,-0.36306697,-0.3434624,-0.19098264,-0.19884402,-0.1874764,-0.25998867,-0.22228265,-0.40397292,0.008067786,0.0075407363,-0.015646398,-0.29390317,-0.33535594,0.33023608,-0.09687334,-0.12643367,0.16521724,-0.3694936,-0.073664606,-0.21502489,-0.051095665,-0.2902823,-0.386621,-0.11859614,-0.5379555,-0.3959201,-0.110551596,-0.12399858,-0.06921822,-0.026450634,0.20121148,-0.34562057,0.0054740123,-0.22099477,-0.37831074,-0.2024129,-0.3556307,-0.19887978,-0.22271723,-0.41995877,-0.18362492,-0.1283477,-0.27091032,-0.34575838,-0.2113049,0.04023647,-0.41071147,-0.057066858,-0.22562516,-0.32590008,-0.36929595,-0.37182266,0.30982253,0.127278,-0.32036644,-0.37822092
-0.35162437,-0.10454929,-0.14654607,-0.35791707,-0.26157779,-0.4290427,-0.030415177,0.06144595,-0.2453506,0.08176525,-0.1600883,-0.39449865,-0.1754942,-0.26126164,0.026400926,-0.23873508,-0.5259891,-0.28973252,-0.2129839,-0.29272145,-0.29790372,-0.17426091,0.0027173343,-0.29372257,-0.36757326,-0.32029063,-0.1647389,0.031010259,-0.4074062,-0.22971863,-0.52627885,-0.46221977,-0.05621499,0.044303484,-0.1452825,-0.3401472,-0.29160553,0.23492807,0.08492859,-0.08281374,-0.22623515,-0.44902337,0.17938049,-0.1862219,-0.41617656,-0.1359582,-0.21894032,-0.07687628,-0.2804569,-0.22377312,0.2542572,0.00550168,-0.42950076,0.23157331,-0.31650323,-0.33393383,-0.116231084,-0.5865109,-0.39030188,-0.21202642,-0.26905924,-0.27944154,-0.39104837,-0.06876403,-0.32385147,-0.030618906,-0.18623483,-0.06753367,-0.0442459,-0.3162548,-0.27697098,-0.2680902,-0.28750694,-0.2858469,-0.16272414,-0.1284529,-0.23841977,-0.20949203,-0.30662715,-0.38844657,0.09445371,0.05172742,-0.051490188,-0.22883481,-0.32314408,0.17552905,-0.13254249,-0.08155239,0.076386295,-0.38104123,-0.08758503,-0.13109803,-0.024154067,-0.3453701,-0.33998793,-0.09332031,-0.5495348,-0.35407317,-0.07157993,-0.09571028,-0.08434141,-0.104186535,0.13176915,-0.32542622,0.045247823,-0.22350144,-0.40081292,-0.19052625,-0.38343567,-0.20212036,-0.28976083,-0.40985864,-0.17073631,-0.16471928,-0.26127446,-0.28554374,-0.20759833,0.028880235,-0.35866636,-0.045722604,-0.22394538,-0.268264,-0.2840705,-0.40688413,0.15027228,0.12985948,-0.3693418,-0.452134
-0.22430354,-0.00987792,-0.17906523,-0.24638969,-0.2311244,-0.39316046,0.029092414,-0.026692986,-0.19318742,-0.078256786,-0.033707738,-0.3490576,-0.22277015,-0.2602687,0.1478385,-0.075265825,-0.5288985,-0.29514742,-0.06772494,-0.36262387,-0.3376007,-0.29479975,-0.04702711,-0.29105127,-0.35862923,-0.3369866,-0.12495983,0.061176002,-0.4684614,-0.18208903,-0.53018576,-0.44375652,-0.002531588,0.017744876,-0.23748142,-0.29992676,-0.21671456,0.4089904,-0.11856431,-0.32118934,-0.12763196,-0.40321088,-0.011016309,-0.15555918,-0.49725187,-0.11259556,-0.24473846,-0.11422795,-0.39377755,-0.24876553,0.42580476,0.08372526,-0.41057193,0.091688104,-0.42491877,-0.3879757,-0.13570416,-0.5903661,-0.45376456,-0.16506046,-0.2000534,-0.3706572,-0.39958537,-0.11394864,-0.3554197,0.015888406,-0.22704208,-0.13693887,-0.036403656,-0.33862293,-0.25569284,-0.30302215,-0.12670958,-0.2581603,-0.12544721,-0.07742107,-0.3062563,-0.21156693,-0.4045158,-0.40078735,0.26911896,0.111025095,-0.06609464,-0.10212469,-0.27188444,-0.015613854,-0.11795294,0.04806733,-0.08267903,-0.36650127,-0.11198479,-0.004220128,-0.08323568,-0.39922684,-0.24429834,-0.15307093,-0.54468715,-0.23625493,-0.04614854,-0.12774986,-0.08926082,-0.1786229,0.09413949,-0.3154363,0.10516182,-0.2430191,-0.3977372,-0.17432284,-0.4051236,-0.23521495,-0.37509304,-0.39128524,-0.20573062,-0.18504375,-0.2531355,-0.22236353,-0.19623649,0.10236274,-0.27213448,-0.018704355,-0.19254357,-0.12893933,-0.14611882,-0.4969614,-0.057501137,0.24975018,-0.46790904,-0.52828896
-0.35162437,-0.10454929,-0.14654607,-0.35791707,-0.26157779,-0.4290427,-0.030415177,0.06144595,-0.2453506,0.08176525,-0.1600883,-0.3944986,-0.1754942,-0.26126164,0.026400926,-0.23873514,-0.5259891,-0.28973252,-0.2129839,-0.29272145,-0.29790372,-0.17426091,0.0027173334,-0.29372257,-0.36757326,-0.32029063,-0.1647389,0.031010259,-0.4074062,-0.22971863,-0.52627885,-0.46221977,-0.05621499,0.044303484,-0.1452825,-0.3401472,-0.29160553,0.23492807,0.08492859,-0.08281374,-0.22623515,-0.44902337,0.17938049,-0.1862219,-0.41617656,-0.1359582,-0.21894032,-0.07687628,-0.2804569,-0.22377312,0.2542572,0.00550168,-0.42950076,0.23157331,-0.31650323,-0.33393383,-0.116231084,-0.5865109,-0.39030188,-0.21202642,-0.26905924,-0.27944154,-0.39104837,-0.06876403,-0.32385147,-0.030618906,-0.18623483,-0.06753367,-0.0442459,-0.3162548,-0.27697098,-0.2680902,-0.28750694,-0.2858469,-0.16272414,-0.1284529,-0.23841977,-0.20949203,-0.30662715,-0.38844657,0.09445371,0.05172742,-0.051490188,-0.22883481,-0.32314408,0.17552905,-0.13254249,-0.08155239,0.076386295,-0.38104123,-0.08758503,-0.13109803,-0.024154067,-0.3453701,-0.33998793,-0.09332031,-0.5495348,-0.35407317,-0.07157993,-0.09571028,-0.08434141,-0.104186535,0.13176915,-0.32542622,0.045247823,-0.22350144,-0.40081292,-0.19052625,-0.38343567,-0.20212036,-0.28976083,-0.40985864,-0.17073631,-0.16471928,-0.26127446,-0.28554374,-0.20759833,0.028880235,-0.35866636,-0.045722604,-0.22394538,-0.268264,-0.2840705,-0.40688413,0.15027228,0.12985948,-0.3693418,-0.452134
-0.38433516,-0.18977386,-0.10769707,-0.38745505,-0.29792655,-0.4340574,-0.12256491,0.13075641,-0.33552068,0.13442641,-0.24460465,-0.40890002,-0.052903593,-0.25745595,-0.026791692,-0.31119657,-0.517105,-0.2943651,-0.3119818,-0.26553726,-0.27293658,-0.12302387,0.05219698,-0.29581124,-0.35265672,-0.31632406,-0.19396192,-0.03703302,-0.3891402,-0.23487288,-0.5136682,-0.48074096,-0.09852272,0.085673586,-0.11436427,-0.3325048,-0.28016967,0.1815785,0.15786014,0.122273244,-0.28885704,-0.45962125,0.23997438,-0.1903618,-0.37764204,-0.1421488,-0.23735279,-0.057218432,-0.1541037,-0.18097687,0.17918031,-0.05246812,-0.45455015,0.30742556,-0.24868983,-0.3011126,-0.1253025,-0.57094944,-0.32364196,-0.25774807,-0.2988338,-0.21819586,-0.366526,0.027992446,-0.30120832,0.01699275,-0.152964,-0.048722506,-0.05051875,-0.3018664,-0.28110862,-0.2561502,-0.36306697,-0.34346247,-0.19098264,-0.19884402,-0.1874764,-0.25998867,-0.22228265,-0.40397292,0.008067782,0.0075407326,-0.015646398,-0.29390317,-0.33535594,0.33023608,-0.09687334,-0.12643367,0.16521724,-0.3694936,-0.073664606,-0.21502489,-0.051095665,-0.2902823,-0.386621,-0.11859614,-0.5379555,-0.3959201,-0.110551596,-0.12399858,-0.06921822,-0.026450634,0.20121148,-0.34562057,0.0054740123,-0.22099477,-0.37831074,-0.2024129,-0.3556307,-0.19887978,-0.22271723,-0.41995877,-0.18362492,-0.1283477,-0.27091032,-0.34575838,-0.21130484,0.04023647,-0.41071147,-0.057066858,-0.22562516,-0.32590008,-0.36929595,-0.3718227,0.30982253,0.127278,-0.32036644,-0.37822092
-0.28933418,0.13243786,-0.30684525,-0.30403233,-0.1917839,-0.3633675,0.2354579,-0.16979802,0.06459111,0.048271604,-0.090892136,-0.31396878,-0.48265064,-0.2178449,-0.032235086,-0.25838488,-0.46765167,-0.32478416,-0.16040367,-0.31596965,-0.30353272,-0.2112652,-0.1276105,-0.30110532,-0.32859838,-0.29317778,-0.20781624,0.16391101,-0.34833091,-0.37844193,-0.4812473,-0.4018513,-0.1426543,-0.28066057,-0.23874909,-0.29551405,-0.40461498,-0.013366461,-0.06642276,-0.31130075,-0.26714385,-0.36166215,0.15369917,-0.20992553,-0.37342197,-0.019142449,-0.047202826,-0.21752757,-0.3529662,-0.3248688,0.105547465,-0.011572599,-0.38498247,-0.02008158,-0.3573056,-0.32906216,-0.25917828,-0.51993877,-0.41684902,-0.14511251,-0.1794585,-0.26471406,-0.3518945,-0.41962552,-0.3331619,-0.34573066,-0.23858202,-0.22868276,-0.092087924,-0.30165344,-0.29606938,-0.22864759,-0.117373705,-0.016992152,-0.27307892,0.019736923,-0.36620253,-0.017805874,-0.24707216,-0.35300422,0.0059489496,0.055289418,-0.1386044,-0.10137707,-0.2715454,-0.08490527,-0.26721507,-0.2441935,-0.0738737,-0.37948412,-0.08054793,-0.11096454,-0.038236618,-0.29149145,-0.29323936,-0.120934784,-0.50391126,-0.2332412,-0.003155589,-0.044795096,-0.15613294,-0.40351993,-0.11087227,-0.28850502,-0.05890286,-0.27682656,-0.37335724,-0.15836245,-0.41276366,-0.27807647,-0.36816227,-0.38502198,-0.11664939,-0.12206,-0.24448013,-0.10613996,-0.19664174,-0.3120582,-0.3175122,-0.07485354,-0.35002518,-0.13552755,-0.19179833,-0.41071302,-0.17570442,-0.16920215,-0.42110902,-0.50522864
-0.065374434,0.1656677,-0.41136837,-0.10522443,-0.21468616,-0.1872763,0.19237703,-0.3035822,0.0063846223,-0.15061224,-0.17811555,-0.14663118,-0.4908986,-0.14389533,-0.109006226,-0.3116517,-0.31332654,-0.39433688,-0.30196708,-0.38278925,-0.2930901,-0.31657112,-0.20383894,-0.31232357,-0.17916346,-0.27789843,-0.3088851,0.049176876,-0.30886096,-0.47449863,-0.3311274,-0.37213838,-0.31677145,-0.49469483,-0.4053651,-0.08612764,-0.34506255,-0.18630427,-0.35806352,-0.34553915,-0.39562255,-0.15806937,-0.07879734,-0.19438195,-0.31407773,0.12861335,-0.0048621297,-0.3900749,-0.15440822,-0.3431332,-0.08476609,-0.16022742,-0.38496488,-0.27040488,-0.36831027,-0.2797531,-0.46766877,-0.29609776,-0.2753783,-0.18960541,-0.03545195,-0.16452819,-0.17589831,-0.52727795,-0.30350596,-0.43956476,-0.25016886,-0.4506939,-0.19275784,-0.27194798,-0.29343867,-0.20704406,0.074485175,0.04777947,-0.43206674,-0.06338978,-0.4431185,-0.09188235,0.05441137,-0.4143237,-0.13844937,-0.059658885,-0.119086206,0.019829663,-0.13956958,-0.12803674,-0.27836615,-0.37274927,-0.22344816,-0.2733702,-0.07459569,-0.24209708,-0.29934335,-0.06457603,-0.24215484,-0.3809302,-0.32651782,0.01933685,-0.0869264,-0.21437085,-0.21723062,-0.55807,-0.17972553,-0.29122913,-0.24323773,-0.3775125,-0.1711042,-0.13450676,-0.34972405,-0.42380965,-0.36828,-0.3470325,-0.21527588,0.092362925,-0.25128013,-0.06873959,-0.17607576,-0.49849463,-0.33856618,-0.11511439,-0.43313402,0.06786474,-0.22208261,-0.4646936,-0.30420643,-0.28066307,-0.49558473,-0.41107696
0.19674335,0.053583175,-0.4628489,0.06376276,-0.3235271,-0.042681098,-0.058561623,-0.37878907,-0.15241915,-0.29116392,-0.2720574,0.014860821,-0.3609677,-0.0468539,-0.094575405,-0.325131,-0.19332081,-0.38894796,-0.38366622,-0.4158265,-0.26019043,-0.49402958,-0.2896313,-0.3333845,-0.06576741,-0.27791327,-0.4424675,-0.20105028,-0.33635587,-0.4680217,-0.18781555,-0.39309776,-0.4416964,-0.5089507,-0.5300367,0.10876837,-0.16421402,-0.24082863,-0.5118785,-0.33560562,-0.46852142,0.027789854,-0.3126356,-0.14693123,-0.30975926,0.21338327,0.026309742,-0.4508332,0.12095234,-0.38136137,-0.22579545,-0.12636667,-0.34001142,-0.37220317,-0.458925,-0.24843228,-0.58532184,-0.071392655,-0.18077266,-0.2975105,0.11209031,-0.032509148,-0.053347945,-0.5361378,-0.28835058,-0.33571845,-0.19468224,-0.49485028,-0.31913358,-0.23353559,-0.28558952,-0.19725096,0.28216687,-0.03363186,-0.48833048,-0.30031204,-0.39916158,-0.21698362,0.35253468,-0.49394625,-0.19620222,0.0011515245,-0.05630082,0.20365033,0.006480174,-0.10469794,-0.28003758,-0.39933074,-0.2921806,-0.12128031,-0.09198356,-0.3111071,-0.4509899,0.100245535,-0.108302295,-0.54590607,-0.15604246,0.19821097,-0.20347399,-0.34981072,-0.27975404,-0.61361074,-0.21271658,-0.23701495,-0.26190513,-0.46533394,0.034961045,-0.088519216,-0.26656413,-0.5515312,-0.44815165,-0.30977094,-0.27848047,0.30107728,-0.24371284,-0.19507706,-0.14049166,-0.4537779,-0.4031887,-0.087685525,-0.43188894,0.2998055,-0.23693079,-0.5438122,-0.38935244,-0.2899834,-0.5386795,-0.32696074
-0.19560802,-0.123518944,-0.47396082,-0.19648808,-0.23815036,-0.21014518,-0.15764469,-0.18102944,-0.3005445,-0.27098328,-0.36312705,-0.1670599,-0.22565472,-0.21119899,-0.31961584,-0.46673542,-0.1646046,-0.35585922,-0.43076324,-0.32991946,-0.2769593,-0.3323422,-0.34019488,-0.32761312,-0.27932835,-0.2624303,-0.3917306,-0.18492258,-0.015868604,-0.44281763,-0.18154228,-0.40970987,-0.40632576,-0.49065828,-0.37939072,-0.20169133,-0.31416577,-0.38218874,-0.39952618,-0.09996784,-0.43278247,-0.21813905,-0.27403808,-0.22835088,-0.015715718,-0.16967958,-0.08172983,-0.5002253,0.13520959,-0.4790929,-0.36955464,-0.3293683,-0.1842668,-0.21455759,-0.26775646,-0.09600812,-0.45423633,-0.116435945,-0.1060155,-0.3112133,-0.0694145,0.102866426,-0.19042921,-0.3718241,-0.2398789,-0.3578241,-0.2116999,-0.39464605,-0.38842046,-0.2573753,-0.3060012,-0.16805387,-0.10898131,-0.1733796,-0.4354462,-0.25580895,-0.30483824,-0.28529388,0.38829175,-0.4167968,-0.37038553,-0.2701319,-0.03490323,-0.056387603,-0.21284544,-0.021131456,-0.41415805,-0.43633556,-0.26853526,-0.19133139,-0.1140542,-0.38880318,-0.3259315,-0.10150206,-0.20106637,-0.41853678,-0.15970415,-0.12573779,-0.32494688,-0.3162359,-0.3836943,-0.4257422,-0.20939332,-0.07221055,-0.36042136,-0.44686055,0.017936954,-0.12983382,-0.1308657,-0.49573123,-0.28828925,-0.25027686,-0.28384894,0.20067221,-0.24456555,-0.27943575,-0.18767571,-0.5357493,-0.4170199,-0.14488351,-0.3805614,-0.1063723,-0.30295187,-0.36194438,-0.21176219,-0.35683793,-0.4064507,-0.13673002
0.043940574,-0.088137984,-0.4990589,-0.051253498,-0.31888628,-0.09548783,-0.20614743,-0.31605065,-0.2582476,-0.32486928,-0.3500839,-0.032016695,-0.24580824,-0.10645664,-0.22048753,-0.4150316,-0.13038486,-0.3548239,-0.42419773,-0.3730896,-0.25569642,-0.49103266,-0.3684306,-0.34100604,-0.17127961,-0.2669847,-0.47103524,-0.27566355,-0.17840666,-0.45310867,-0.12698019,-0.41025782,-0.467856,-0.49922335,-0.5005168,-0.02686292,-0.19078338,-0.36153883,-0.5007006,-0.22257775,-0.46945602,-0.054831922,-0.36911798,-0.18117708,-0.15133101,0.0130205415,0.002293475,-0.49675333,0.22258213,-0.46768016,-0.37538904,-0.21157193,-0.20720834,-0.32598662,-0.4127462,-0.15360433,-0.5608892,-0.0034912229,-0.12614965,-0.3422475,0.07156518,0.11678057,-0.10840696,-0.46650213,-0.25814354,-0.3077861,-0.176803,-0.4429043,-0.41568208,-0.23037302,-0.29814762,-0.17088711,0.14597765,-0.121552825,-0.4729191,-0.36138004,-0.3152969,-0.27728403,0.48822764,-0.4767899,-0.32366824,-0.114827454,-0.029533982,0.14918065,-0.075143576,-0.06991249,-0.38664365,-0.43432963,-0.30904204,-0.10252243,-0.11975217,-0.36917937,-0.4257087,0.027166065,-0.086598635,-0.52831495,-0.09244561,0.057951584,-0.31252652,-0.36231458,-0.3745619,-0.549942,-0.25088406,-0.091323435,-0.31109875,-0.4927948,0.09008063,-0.08458394,-0.15985781,-0.5699546,-0.4196704,-0.26363736,-0.2884435,0.32431525,-0.23770398,-0.28613758,-0.15245903,-0.47734183,-0.43741703,-0.10853088,-0.40200186,0.16242722,-0.2618302,-0.4808343,-0.3558485,-0.35487783,-0.48044693,-0.20095795
0.038505547,-0.0029717684,-0.48220277,-0.06699574,-0.30806845,-0.11311531,-0.09462756,-0.33974087,-0.15535307,-0.2623875,-0.30645704,-0.048220575,-0.34978688,-0.088991344,-0.17805874,-0.39074874,-0.18688446,-0.36029953,-0.39035612,-0.37179416,-0.2536403,-0.46526057,-0.33315563,-0.3378604,-0.1570571,-0.2669685,-0.45094782,-0.20566386,-0.23251688,-0.46866828,-0.18636942,-0.4000455,-0.44342774,-0.49908984,-0.48714763,-0.023992479,-0.23679394,-0.33258176,-0.459265,-0.27176028,-0.46117288,-0.06412554,-0.29098028,-0.17999488,-0.21085006,0.08657642,0.048280872,-0.46133482,0.123331726,-0.4393201,-0.32152802,-0.15841526,-0.2636121,-0.32048482,-0.42154264,-0.19805032,-0.5525677,-0.08737898,-0.18496662,-0.3107754,0.060981914,0.048288364,-0.12043905,-0.5169505,-0.27569127,-0.3545465,-0.18535054,-0.43741852,-0.36411226,-0.23081738,-0.3000551,-0.1729821,0.1705497,-0.044600904,-0.467925,-0.30597436,-0.3496681,-0.20555139,0.39317718,-0.4647572,-0.27891982,-0.050539732,-0.061219275,0.14902763,-0.07329637,-0.09547824,-0.36240393,-0.4296276,-0.2760728,-0.14558685,-0.10238153,-0.33231276,-0.39077455,0.024316393,-0.119033575,-0.49567866,-0.16531897,0.062135592,-0.244254,-0.31655967,-0.33301795,-0.57727826,-0.25200826,-0.15189362,-0.27778596,-0.46828085,0.010011362,-0.089387536,-0.22934097,-0.54531556,-0.43398893,-0.29103434,-0.25178003,0.27848357,-0.23745751,-0.23154128,-0.15235287,-0.47770935,-0.4234941,-0.09868759,-0.422189,0.17777915,-0.24865377,-0.48602343,-0.36740237,-0.35904378,-0.48648316,-0.28496313
-0.16988665,0.13918632,-0.43509257,-0.14309698,-0.25761038,-0.1741454,0.027083619,-0.41534758,0.1838115,-0.17388386,-0.23762625,-0.09378213,-0.51307297,-0.19469386,-0.20592642,-0.33043975,-0.20470643,-0.33696926,-0.32077384,-0.31762493,-0.2989757,-0.26853836,-0.25728822,-0.30966806,-0.15692633,-0.2571861,-0.3980928,-0.10417855,-0.25982308,-0.39031696,-0.19795996,-0.3273481,-0.3849166,-0.50703907,-0.44143015,-0.11157602,-0.20336998,-0.31442404,-0.32201147,-0.23306048,-0.45221525,-0.12059164,-0.12986481,-0.24051619,-0.25992292,0.07354744,-0.033364594,-0.213759,-0.10337937,-0.37808818,-0.31142247,-0.21282792,-0.31893516,-0.26793998,-0.28282475,-0.18217742,-0.46431231,-0.13758439,-0.1721716,-0.24743164,-0.036574423,-0.124699,-0.12924248,-0.58332324,-0.2606148,-0.3955797,-0.24328732,-0.44508028,-0.25990587,-0.25828254,-0.29720914,-0.17480803,0.0029091015,0.19665498,-0.43623924,-0.14301991,-0.39993477,0.086557895,0.12913603,-0.29489046,-0.232189,-0.11518347,-0.12933439,0.052948184,-0.102678955,-0.24252003,-0.34301263,-0.4359939,-0.24194586,-0.21939462,-0.21721816,-0.25751323,-0.24241745,-0.099210024,-0.20429379,-0.38268602,-0.19301426,-0.03476411,-0.104388,-0.124195516,-0.24446893,-0.57862717,-0.25653678,-0.2113604,-0.2797317,-0.3683622,-0.025462925,-0.1169678,-0.26165187,-0.4275179,-0.34490722,-0.26574355,-0.20624876,0.09287475,-0.21212965,-0.05164045,-0.19119084,-0.5646204,-0.3319314,-0.06419748,-0.34717387,0.010580757,-0.23456275,-0.4047191,-0.31773967,-0.48703063,-0.38906074,-0.27700752
-0.45558494,0.22148286,-0.42022997,-0.3115036,-0.1589238,-0.30265045,0.07882144,-0.45154572,0.5483206,-0.102543354,-0.17581671,-0.19803256,-0.6311231,-0.35669267,-0.31933564,-0.30508834,-0.20076996,-0.26644683,-0.20675349,-0.20170844,-0.35954297,0.07045439,-0.2586254,-0.27774227,-0.27867037,-0.23879814,-0.33329874,-0.006156087,-0.14932406,-0.24760938,-0.19246566,-0.23870361,-0.29972762,-0.5062616,-0.32939845,-0.3316183,-0.2122159,-0.36665785,-0.08517736,-0.14623117,-0.4033277,-0.26513296,0.032540042,-0.33628178,-0.20106542,-0.14038873,-0.14869851,0.13932067,-0.33967286,-0.40753096,-0.3893397,-0.3190331,-0.24424559,-0.14484596,-0.032528818,-0.090079665,-0.2596895,-0.1939184,-0.16636878,-0.1772933,-0.17969865,-0.23819786,-0.22833693,-0.6142778,-0.22935212,-0.42941827,-0.3096792,-0.39025402,-0.21838981,-0.30009055,-0.30256045,-0.16165894,-0.2585243,0.43575472,-0.34826756,0.079312004,-0.3992902,0.43577582,-0.1539182,0.040716223,-0.2529667,-0.2642395,-0.20003766,-0.0824154,-0.21345156,-0.41075605,-0.42803353,-0.4474494,-0.23928154,-0.3109132,-0.36107963,-0.17073303,0.081573516,-0.33581817,-0.26045042,-0.13037539,-0.21102905,-0.24796224,-0.016355693,0.18154673,-0.23279554,-0.5177947,-0.31184524,-0.13465154,-0.30292326,-0.24639481,-0.06791663,-0.14208323,-0.22803235,-0.25740868,-0.2050097,-0.18082416,-0.14525276,-0.15106958,-0.17515802,0.1353725,-0.24761468,-0.65976286,-0.2051388,-0.038018525,-0.1992526,-0.26669216,-0.18493336,-0.20880926,-0.25348544,-0.63657373,-0.17787403,-0.20725763
-0.46442908,0.224705,-0.40944737,-0.302504,-0.15844518,-0.29551667,0.060963906,-0.46431476,0.570995,-0.112286925,-0.17930597,-0.1902926,-0.63113844,-0.37113845,-0.32768953,-0.2942016,-0.18270272,-0.265948,-0.21389318,-0.19723529,-0.3676498,0.11331829,-0.24271268,-0.27217734,-0.26349062,-0.23851204,-0.33055222,-0.017393768,-0.1565882,-0.21959889,-0.16965175,-0.22441447,-0.3006041,-0.5101098,-0.33577526,-0.32464236,-0.1710763,-0.36227423,-0.08300036,-0.11709225,-0.41239315,-0.25689495,0.03153004,-0.34254515,-0.20697379,-0.14185375,-0.17926556,0.20089996,-0.33829528,-0.3901418,-0.39516348,-0.3429181,-0.25760037,-0.14590234,0.013778985,-0.07606274,-0.25182432,-0.16837943,-0.13239515,-0.17820734,-0.18614697,-0.25435984,-0.20873207,-0.61444175,-0.21980208,-0.41980565,-0.31736994,-0.40777332,-0.20583206,-0.30404657,-0.29892856,-0.1645903,-0.27979308,0.45559508,-0.35194433,0.08922158,-0.4057631,0.4626927,-0.1671015,0.07814405,-0.25144106,-0.28770518,-0.2004546,-0.096674085,-0.20584828,-0.42205095,-0.4159013,-0.4496222,-0.24266541,-0.3049423,-0.3815031,-0.1719982,0.08116365,-0.33611417,-0.26986504,-0.13784248,-0.18589956,-0.24625856,-0.0064591765,0.19693826,-0.21644253,-0.5150157,-0.30223405,-0.14786708,-0.31601506,-0.2311877,-0.036078572,-0.14676923,-0.21547055,-0.23788244,-0.17137218,-0.16871095,-0.15718973,-0.16070807,-0.17021328,0.1571904,-0.25319576,-0.67103684,-0.1877386,-0.032270193,-0.1720888,-0.28193605,-0.19452327,-0.19567591,-0.23475456,-0.64712894,-0.1559785,-0.17241275
-0.37330514,-0.22296637,-0.56453735,-0.3842876,-0.2647704,-0.30130565,-0.29497266,-0.18482041,-0.2415638,-0.2329871,-0.42505497,-0.21380103,-0.25530076,-0.2239185,-0.42062205,-0.56514305,-0.11821282,-0.24938345,-0.42151946,-0.21053064,-0.23875087,-0.39751142,-0.49202687,-0.3509578,-0.41395193,-0.22562993,-0.49310207,-0.2854231,0.2511847,-0.4495899,-0.14155579,-0.42349958,-0.46447045,-0.466717,-0.3354386,-0.37186265,-0.40123367,-0.5720587,-0.29877895,0.0062964302,-0.4351192,-0.3022352,-0.29477358,-0.2782663,0.24319609,-0.31583905,0.06732742,-0.51979333,0.19294356,-0.6155412,-0.5865947,-0.28534836,0.13487,-0.12603259,-0.28975534,0.028484775,-0.43147254,-0.07939333,-0.15929437,-0.36449957,-0.08841294,0.3530684,-0.31150305,-0.41257292,-0.2139023,-0.36960196,-0.14747173,-0.2123878,-0.53280926,-0.2239821,-0.342646,-0.08678192,-0.18094516,-0.12869847,-0.3917336,-0.37327063,-0.12597978,-0.22143942,0.57977295,-0.3643636,-0.5085088,-0.24524087,-0.057397008,-0.012276709,-0.28983027,-0.05812484,-0.5909076,-0.51151764,-0.26534408,-0.19925433,-0.15652186,-0.41375118,-0.18224734,-0.20797598,-0.10895711,-0.31974012,-0.14159429,-0.31145364,-0.40802145,-0.2358936,-0.514806,-0.41324526,-0.37701452,0.24830402,-0.34327686,-0.49790376,-0.020895123,-0.0851987,-0.034376085,-0.55011165,-0.38173616,-0.19993967,-0.18924475,0.22522269,-0.22379261,-0.37184775,-0.1887182,-0.54518926,-0.48601162,-0.14131427,-0.36744577,-0.20011133,-0.27241552,-0.2505586,-0.28906214,-0.53696513,-0.27551675,-0.06673455
-0.39939278,-0.22987181,-0.5725614,-0.40507704,-0.25482434,-0.3184499,-0.30104953,-0.17274284,-0.23860508,-0.23370057,-0.4255749,-0.22874784,-0.25970578,-0.23756355,-0.43409634,-0.5715617,-0.1176976,-0.23703623,-0.4122097,-0.19819802,-0.24130768,-0.39279288,-0.5061252,-0.3517593,-0.4366359,-0.2225154,-0.49212134,-0.28401804,0.29223976,-0.44503075,-0.14421773,-0.42353797,-0.46049887,-0.46334267,-0.31895238,-0.40033436,-0.4158662,-0.58312964,-0.28425103,0.009807993,-0.42399132,-0.32291436,-0.29770702,-0.28610402,0.2754324,-0.3459041,0.068075925,-0.52415645,0.17171873,-0.6304028,-0.59823644,-0.2903542,0.17970575,-0.109335124,-0.28369248,0.043701325,-0.41344345,-0.089699805,-0.17029196,-0.36267906,-0.09960991,0.36474377,-0.33310366,-0.4060763,-0.21188778,-0.37190324,-0.14875668,-0.18681502,-0.5437559,-0.22615892,-0.34588736,-0.08143395,-0.19948125,-0.12940806,-0.37867433,-0.37003356,-0.10931772,-0.21655524,0.5727786,-0.35121864,-0.5176902,-0.25721133,-0.061094522,-0.019181907,-0.3073371,-0.07162446,-0.6081784,-0.51238716,-0.2709965,-0.20896077,-0.16311109,-0.41091734,-0.15305799,-0.23858398,-0.10133159,-0.294003,-0.14756525,-0.33498585,-0.4169436,-0.22374958,-0.5284747,-0.39748,-0.39065665,0.28746942,-0.34357768,-0.49885225,-0.033679783,-0.084187984,-0.021116138,-0.54863286,-0.38172567,-0.18912077,-0.1812504,0.20893718,-0.2221371,-0.37604046,-0.19165611,-0.5491569,-0.48466927,-0.14284897,-0.36017257,-0.22341794,-0.26214552,-0.22938633,-0.2914759,-0.5474913,-0.25886333,-0.06236142
-0.44901776,-0.2187866,-0.52748257,-0.41560358,-0.18937647,-0.34904605,-0.22699195,-0.06658065,-0.28839964,-0.20495182,-0.41445363,-0.2871114,-0.23518926,-0.2925701,-0.45326126,-0.5687344,-0.15665549,-0.27818763,-0.42280275,-0.20758903,-0.26769012,-0.24548358,-0.44144452,-0.33496135,-0.4461776,-0.23229235,-0.40755117,-0.19045079,0.31751233,-0.43714726,-0.19302332,-0.41876376,-0.40016925,-0.46607208,-0.23244661,-0.42639023,-0.45115423,-0.5376004,-0.23189646,0.073621996,-0.39985073,-0.37767756,-0.21821141,-0.29733717,0.28394604,-0.38420117,-0.040546298,-0.5188997,0.099879146,-0.59347355,-0.5327407,-0.37655085,0.076278575,-0.049592614,-0.16033328,0.042575315,-0.33436096,-0.16999501,-0.13675517,-0.32553232,-0.17558861,0.27111128,-0.33588302,-0.32334656,-0.20783573,-0.39924926,-0.19387871,-0.21680129,-0.482785,-0.25485837,-0.33848292,-0.10808653,-0.30785686,-0.17885947,-0.36833543,-0.26164615,-0.16880423,-0.24512184,0.4447957,-0.32440984,-0.49986202,-0.35320312,-0.056375206,-0.16001302,-0.35408986,-0.02190125,-0.5680373,-0.49041343,-0.2410307,-0.25846404,-0.14387548,-0.41673023,-0.121178865,-0.2678566,-0.21079957,-0.23391378,-0.19526756,-0.36394745,-0.3964886,-0.21807289,-0.49132913,-0.29838097,-0.3124978,0.18546194,-0.3814717,-0.45092273,-0.06494272,-0.12997884,-0.03552121,-0.4781329,-0.2556355,-0.19943148,-0.21221,0.12120585,-0.23418742,-0.3423186,-0.21368158,-0.58053315,-0.45055616,-0.16769105,-0.35125327,-0.3276285,-0.3035167,-0.16412002,-0.15755427,-0.49449015,-0.24363273,-0.037014008
-0.30936086,-0.13064718,-0.45757186,-0.2607984,-0.16291225,-0.27670205,-0.109889925,-0.075238705,-0.3279438,-0.25945908,-0.35219884,-0.24677372,-0.2174865,-0.28391778,-0.3692516,-0.47658366,-0.1933676,-0.35943288,-0.41315037,-0.31560034,-0.30336046,-0.20562428,-0.32311636,-0.31676626,-0.34960914,-0.26454604,-0.31242484,-0.10283494,0.08867672,-0.4241305,-0.22403133,-0.40629107,-0.34329504,-0.48604184,-0.28755337,-0.30315518,-0.3772161,-0.36337852,-0.34431106,-0.06091547,-0.3852083,-0.3120702,-0.22794616,-0.2539308,0.054306976,-0.28233743,-0.15406764,-0.50650996,0.02318598,-0.48913336,-0.33183247,-0.39990658,-0.16339767,-0.144238,-0.1649335,-0.070127726,-0.35762256,-0.19861966,-0.112380385,-0.2757436,-0.1522941,0.05236935,-0.25017822,-0.28963852,-0.23514354,-0.38113558,-0.24823326,-0.37026042,-0.3628139,-0.28376716,-0.30783558,-0.17789996,-0.23498642,-0.2099309,-0.39817142,-0.14910299,-0.31405348,-0.2946009,0.26806602,-0.37125725,-0.3740356,-0.36362225,-0.041106224,-0.16729861,-0.2911144,-0.022703469,-0.42733914,-0.41449338,-0.2650962,-0.2490269,-0.11752254,-0.38353205,-0.25280774,-0.20705777,-0.2570833,-0.33072674,-0.20803803,-0.21435314,-0.3306924,-0.28922445,-0.3890127,-0.3180995,-0.17711008,-0.05964905,-0.38745755,-0.4111104,-0.037012458,-0.15981996,-0.11491656,-0.43542606,-0.18679696,-0.2355904,-0.2904899,0.097252086,-0.24876648,-0.2593425,-0.21138996,-0.5679943,-0.38097674,-0.16920817,-0.3550551,-0.24448204,-0.30534852,-0.28362787,-0.11639422,-0.332839,-0.37060368,-0.11467606
-0.34720302,-0.11718023,-0.4525689,-0.2743417,-0.10090405,-0.310351,-0.06878418,-0.015128732,-0.33990628,-0.28371835,-0.3200602,-0.28458834,-0.2206741,-0.32945967,-0.38174212,-0.45615715,-0.21492565,-0.36212504,-0.37279058,-0.3243103,-0.33066863,-0.14222723,-0.32196105,-0.30862063,-0.39373618,-0.27235585,-0.24585211,-0.04388064,0.13092661,-0.39824492,-0.25319988,-0.39962894,-0.28624535,-0.48363584,-0.23715103,-0.35682082,-0.39854568,-0.31857568,-0.33924466,-0.10202497,-0.3295818,-0.35741657,-0.23441404,-0.26402617,0.06339428,-0.34946698,-0.2114293,-0.5154668,-0.08995885,-0.5028512,-0.2744193,-0.43295085,-0.13817471,-0.119849265,-0.12729728,-0.070761025,-0.28269082,-0.25367558,-0.14042169,-0.24016881,-0.18696225,-0.016893089,-0.2947176,-0.23456836,-0.24081594,-0.38432926,-0.28051674,-0.36392444,-0.3462866,-0.30703968,-0.3033443,-0.19506669,-0.27300262,-0.23060143,-0.36113065,-0.06131482,-0.33406162,-0.3037293,0.14578688,-0.34219867,-0.3469047,-0.41354096,-0.047123253,-0.20321554,-0.32700944,-0.069039345,-0.43471217,-0.37464148,-0.29274333,-0.28060806,-0.12811238,-0.35838097,-0.21138704,-0.2904747,-0.26476532,-0.2750345,-0.23710811,-0.23794591,-0.33265668,-0.27994704,-0.3947693,-0.24631411,-0.16097254,-0.045367718,-0.39406502,-0.38987672,-0.07218319,-0.17433828,-0.111364424,-0.39914185,-0.137546,-0.21726745,-0.30438042,0.018589804,-0.2518441,-0.23309761,-0.22326249,-0.5785986,-0.33428,-0.17875153,-0.32793307,-0.2959134,-0.27523565,-0.25766647,-0.0905363,-0.2949481,-0.37240827,-0.13289577
-0.1810745,-0.07534659,-0.37016058,-0.15187383,-0.16372603,-0.16536921,-0.049396157,-0.15371323,-0.31040454,-0.3256374,-0.26004016,-0.10393965,-0.21654963,-0.27855116,-0.27789766,-0.35771543,-0.19551784,-0.37869173,-0.3542356,-0.38253003,-0.3435948,-0.26856327,-0.27443898,-0.30005258,-0.26056266,-0.29196543,-0.28551388,-0.10680747,-0.07247889,-0.38514584,-0.2287674,-0.3811093,-0.31353313,-0.4387523,-0.35326976,-0.1865794,-0.29701048,-0.24673074,-0.4303261,-0.21094936,-0.3729545,-0.18786895,-0.3142056,-0.21204352,-0.117845714,-0.2256921,-0.20817333,-0.4719745,-0.061575413,-0.42417216,-0.23307729,-0.3541965,-0.24775314,-0.25452155,-0.2496947,-0.17681313,-0.4012453,-0.20622659,-0.16212207,-0.21788788,-0.023170233,-0.090896964,-0.19871283,-0.33128875,-0.24170506,-0.36672938,-0.28094637,-0.45060307,-0.28326023,-0.31534344,-0.26058662,-0.2344454,-0.12983298,-0.21687311,-0.3712232,-0.12972921,-0.38163513,-0.304528,0.1519987,-0.38360268,-0.24863821,-0.29838783,-0.025630176,-0.090228796,-0.14463699,-0.13392407,-0.32801682,-0.32567656,-0.33186543,-0.12611312,-0.14749539,-0.31560647,-0.3413604,-0.18711483,-0.22329688,-0.4150687,-0.19661099,-0.0907163,-0.2644024,-0.31478626,-0.3218044,-0.38402677,-0.14610863,-0.15239072,-0.3335294,-0.37224865,-0.06954992,-0.030059278,-0.20363963,-0.38129812,-0.2417574,-0.28935587,-0.33571684,0.08227039,-0.24464,-0.19634897,-0.1984691,-0.52443063,-0.3172425,-0.22231805,-0.34221685,-0.13171643,-0.26348758,-0.34523863,-0.2260142,-0.29912007,-0.41876525,-0.20736921
-0.1595934,-0.030060947,-0.5545455,-0.13603055,-0.09564346,-0.26978278,-0.13065022,-0.18547815,-0.25228304,-0.47760755,-0.16445196,-0.19041616,-0.30318105,-0.31496888,-0.2723577,-0.2790916,-0.19670242,-0.31101912,-0.12535334,-0.40237838,-0.3768885,-0.43971574,-0.4844724,-0.32253903,-0.44272745,-0.2908752,-0.2894318,-0.13709784,0.022155153,-0.30834246,-0.23620802,-0.37676907,-0.26856434,-0.47970152,-0.3840407,-0.35700834,-0.27718318,-0.20413882,-0.53060174,-0.4571724,-0.16703123,-0.27921802,-0.49840218,-0.22619575,-0.11035317,-0.37481987,-0.20833689,-0.5542238,-0.2969687,-0.61348414,-0.22024715,-0.3023513,0.1276472,-0.27914912,-0.41428834,-0.1502307,-0.31204808,-0.23894644,-0.32351792,-0.20080501,-0.033822596,-0.12479532,-0.37672067,-0.3250873,-0.2905643,-0.2768004,-0.3027284,-0.36555904,-0.45172536,-0.32493532,-0.2879272,-0.22989988,0.06533205,-0.1698848,-0.26842594,-0.122865915,-0.35324502,-0.28714454,-0.02172625,-0.35860568,-0.19132465,-0.31436163,-0.07509464,0.13403758,-0.24466395,-0.35847193,-0.52391815,-0.23017174,-0.4845174,-0.2336356,-0.21039402,-0.19026786,-0.25062817,-0.43383247,0.057370927,-0.33234465,-0.20048058,-0.061816752,-0.3609922,-0.3167265,-0.48243946,-0.3636126,-0.3184901,0.1754962,-0.2918446,-0.46556348,-0.077747226,-0.10703516,-0.11724812,-0.5095808,-0.39693886,-0.13842016,-0.31996173,0.0007607476,-0.23752862,-0.20062256,-0.19001508,-0.49215817,-0.22360927,-0.12931651,-0.25396627,-0.030217588,0.050320633,-0.4323585,-0.42389268,-0.2587903,-0.50215954,-0.3204472
0.027245909,0.019621383,-0.6024385,-0.019786954,-0.14218324,-0.21151644,-0.18317121,-0.30430067,-0.19023168,-0.5502745,-0.09454101,-0.09427458,-0.34393543,-0.26718652,-0.18518305,-0.17513007,-0.16947216,-0.2824186,-0.0038883686,-0.4408149,-0.38221192,-0.5817504,-0.55229795,-0.33548212,-0.43132126,-0.2954846,-0.35636562,-0.21913981,-0.08101952,-0.2786733,-0.20257115,-0.36850584,-0.30400658,-0.4811237,-0.4834683,-0.30606413,-0.17266214,-0.16454226,-0.6166446,-0.5770296,-0.12430829,-0.18441176,-0.59972167,-0.19281805,-0.21051711,-0.33165014,-0.1654005,-0.5677886,-0.33341503,-0.6514766,-0.22473133,-0.18270302,0.24141997,-0.37324023,-0.5459393,-0.1949479,-0.38535458,-0.18493146,-0.38955337,-0.20559072,0.09733484,-0.14365858,-0.3837664,-0.40758723,-0.3138042,-0.20552611,-0.29279822,-0.37932926,-0.5061972,-0.31789714,-0.28113145,-0.23827636,0.32626984,-0.11760247,-0.25173914,-0.21144205,-0.355416,-0.27246684,-0.025786757,-0.39267528,-0.10947329,-0.2027632,-0.083857834,0.36893758,-0.15646428,-0.4570716,-0.5547881,-0.17523527,-0.5537408,-0.17853928,-0.24234408,-0.1047734,-0.30784672,-0.45074558,0.26407364,-0.40578908,-0.15523696,0.08879042,-0.37019598,-0.3472432,-0.51616764,-0.4672407,-0.3959552,0.26949626,-0.2221629,-0.51423657,-0.050162494,-0.05626917,-0.12597537,-0.58093256,-0.52469575,-0.10817295,-0.32155442,0.051777273,-0.22815299,-0.19758397,-0.15959388,-0.4251778,-0.19751829,-0.09055561,-0.23695654,0.2122082,0.22110647,-0.5281047,-0.56113154,-0.25920773,-0.5654321,-0.3988073
0.0029867925,0.036259353,-0.49713176,-0.023185909,-0.16829628,-0.046285212,-0.13355482,-0.30876392,-0.18771201,-0.48664802,-0.11553228,0.05061267,-0.29954904,-0.2542172,-0.19378161,-0.17947614,-0.08347148,-0.27364284,-0.118190825,-0.39898568,-0.37772435,-0.49982685,-0.41997802,-0.29648006,-0.2528416,-0.3012902,-0.34789652,-0.20875603,-0.117967665,-0.28794438,-0.17817265,-0.33072573,-0.32653672,-0.42394108,-0.46388435,-0.17712277,-0.16083878,-0.17973793,-0.5646684,-0.4686736,-0.23618585,-0.014625549,-0.5301111,-0.17633599,-0.2143538,-0.2570228,-0.15982503,-0.45798737,-0.254646,-0.5314157,-0.2489354,-0.19507527,0.014053987,-0.38185197,-0.4592759,-0.17662406,-0.4111625,-0.1464907,-0.32476813,-0.1900438,0.10595589,-0.14314681,-0.2841993,-0.43615007,-0.27941108,-0.2431314,-0.29639518,-0.4324004,-0.40578872,-0.31486124,-0.22784716,-0.25452,0.23111269,-0.12957466,-0.26422167,-0.20169592,-0.3460614,-0.26401585,0.031627852,-0.3560084,-0.12626016,-0.15791714,-0.10593867,0.26831913,-0.0023216605,-0.39175695,-0.43728775,-0.2107377,-0.48207444,-0.024509668,-0.24182278,-0.11217588,-0.3465625,-0.33881336,0.12542126,-0.44603676,-0.13237321,0.09292705,-0.28988886,-0.3029167,-0.4125684,-0.47438192,-0.31243014,0.09787248,-0.20910907,-0.4131778,-0.07395029,-0.034852087,-0.16267121,-0.48177516,-0.45079416,-0.16902143,-0.32418478,0.06559223,-0.18261081,-0.15090454,-0.15905648,-0.43175507,-0.21575356,-0.13631326,-0.2529121,0.17104034,0.06808028,-0.44303125,-0.50084007,-0.33069015,-0.4841544,-0.33144528
-0.02745068,0.041674357,-0.16904962,-0.03215784,-0.2336356,0.2985347,-0.020856738,-0.32039928,-0.19944322,-0.31995565,-0.16788691,0.3442597,-0.19612491,-0.21695113,-0.19535565,-0.20152414,0.05157199,-0.28954476,-0.33265656,-0.33270133,-0.36225247,-0.30259758,-0.046581328,-0.22491872,0.22005324,-0.313223,-0.34116733,-0.19265229,-0.21191585,-0.32663625,-0.13657266,-0.27242368,-0.37489605,-0.28748477,-0.43427956,0.15902232,-0.14296407,-0.2180199,-0.4442879,-0.17056054,-0.44005644,0.32608432,-0.34955674,-0.13915086,-0.2365812,-0.055214763,-0.1469022,-0.18909341,-0.031888247,-0.16111875,-0.29652345,-0.21570432,-0.37734342,-0.39835078,-0.25800586,-0.17892337,-0.48538417,-0.073773384,-0.16671467,-0.16593874,0.16305068,-0.13755137,-0.015982687,-0.48905832,-0.20833302,-0.3325807,-0.2937786,-0.53159034,-0.13279992,-0.31183714,-0.12291378,-0.2841171,0.031179234,-0.16309607,-0.31343412,-0.19989008,-0.35020357,-0.25469005,0.18109043,-0.31060004,-0.16094595,-0.04946071,-0.11124712,0.054717362,0.3244429,-0.21545058,-0.09089476,-0.2860617,-0.30491716,0.31109118,-0.22433782,-0.16752362,-0.4367553,-0.0048058033,-0.16671401,-0.53521156,-0.0921852,0.09385736,-0.09589225,-0.23218662,-0.13128209,-0.50567365,-0.10683286,-0.24521554,-0.19167072,-0.17630851,-0.1185444,0.08404415,-0.26118368,-0.21740657,-0.2843365,-0.32020146,-0.33414882,0.120495416,-0.11596495,-0.07255471,-0.15921915,-0.44360155,-0.2734059,-0.25169593,-0.31087506,0.09363026,-0.24428827,-0.25556415,-0.35316467,-0.44926023,-0.2957248,-0.18941426
-0.17811269,-0.08815831,-0.0054499507,-0.18088025,-0.19963568,0.11832012,0.025531324,-0.24851304,-0.25079018,-0.2846073,-0.16652256,0.28482482,-0.17076004,-0.29004335,-0.21299559,-0.24353367,-0.13794118,-0.35976434,-0.34312916,-0.3798939,-0.38613194,-0.24658906,-0.11530614,-0.24814266,-0.010885477,-0.32224447,-0.29973972,-0.16102493,-0.16560435,-0.33364487,-0.21166861,-0.3229438,-0.31746382,-0.20891434,-0.37072724,0.015924046,-0.24745291,-0.26574576,-0.39402252,-0.16518587,-0.45199615,0.11385934,-0.32225114,-0.17145103,-0.20496392,-0.17854959,-0.22816658,-0.28305376,-0.05387622,-0.22643816,-0.32177866,-0.27065998,-0.38956648,-0.34900147,-0.24274808,-0.27938765,-0.47143537,-0.20389193,-0.19089532,-0.12244409,0.23237216,-0.15535378,-0.07404941,-0.42977726,-0.18232423,-0.41986692,-0.30542135,-0.5192125,-0.09130043,-0.36087596,-0.15034544,-0.29656327,-0.1736036,-0.2338481,-0.29431307,-0.16892815,-0.39921087,-0.2700398,0.14768404,-0.3311923,-0.17640615,-0.1250776,0.005390684,-0.08775842,0.23944373,-0.20703816,-0.12833339,-0.26311857,-0.32889473,0.2943306,-0.21731985,-0.24952781,-0.41764116,-0.0654363,-0.27083522,-0.5044272,-0.17074376,-0.09235531,-0.09905201,-0.25120533,-0.15836513,-0.46425474,-0.11388403,-0.2747323,-0.21813041,-0.1966213,-0.20868027,0.3876394,-0.3481369,-0.09817088,-0.27186745,-0.43697232,-0.35664815,0.07166666,-0.20245922,-0.1273846,-0.19087726,-0.46829206,-0.29155976,-0.39296985,-0.33984768,-0.10715115,-0.3256219,-0.21521997,-0.3136574,-0.4772725,-0.27018523,-0.22597003
-0.18963093,-0.1262505,0.26491264,-0.21180093,-0.22405821,0.22519708,0.07072947,-0.27811754,-0.24124438,-0.24157143,-0.13503474,0.46165797,-0.13352638,-0.2965244,-0.17569715,-0.20386147,-0.15521085,-0.37915927,-0.36545843,-0.39428902,-0.40256655,-0.22392297,-0.025319695,-0.23133475,0.09827127,-0.3363366,-0.30596077,-0.18247616,-0.21773612,-0.3259189,-0.21715051,-0.31185853,-0.31754273,-0.058154583,-0.3750581,0.12394529,-0.23937231,-0.28641516,-0.36486846,-0.12091792,-0.5057195,0.2272728,-0.30534035,-0.15363443,-0.24614751,-0.14385569,-0.24802351,-0.1975711,-0.010398686,-0.09970194,-0.36286658,-0.23968911,-0.4718774,-0.38034552,-0.23552638,-0.3495553,-0.5168063,-0.21855325,-0.18983543,-0.075407624,0.3753987,-0.18025261,0.010590084,-0.46102566,-0.14539349,-0.46411908,-0.310834,-0.55435383,0.04098583,-0.38643253,-0.10355222,-0.3243025,-0.23128402,-0.25773996,-0.27568364,-0.19343472,-0.42396736,-0.2618829,0.17161618,-0.3274529,-0.1488545,-0.036560893,0.058208976,-0.12447226,0.41336745,-0.20846325,0.0068832077,-0.24207574,-0.31803071,0.49282774,-0.23484683,-0.2553389,-0.46210784,0.03573986,-0.32975864,-0.54951805,-0.17079091,-0.119357646,-0.0017578602,-0.23644847,-0.055389524,-0.5010563,-0.082929015,-0.3558753,-0.17194861,-0.11204469,-0.2725494,0.65436244,-0.4294908,0.09527402,-0.28003305,-0.526711,-0.37271845,0.08102428,-0.20733243,-0.113199115,-0.19268799,-0.44585848,-0.29983002,-0.486152,-0.35989118,-0.12663883,-0.39102387,-0.15139401,-0.3289559,-0.54429936,-0.19166684,-0.2361415
-0.061441123,0.08000001,-0.16032588,-0.038593948,-0.21568346,0.36823666,-0.007686496,-0.316154,-0.17798918,-0.3143114,-0.15312302,0.37660608,-0.19650775,-0.22964466,-0.22091514,-0.18570513,0.1317032,-0.24766016,-0.31783366,-0.2919532,-0.36910212,-0.25368994,0.017150959,-0.1991334,0.29795945,-0.3141356,-0.32399148,-0.17874032,-0.1820479,-0.302958,-0.12243414,-0.23773628,-0.36981404,-0.26932967,-0.4134668,0.16437787,-0.14193845,-0.21186179,-0.42075437,-0.13037598,-0.42596412,0.39014024,-0.33522975,-0.13974255,-0.21617901,-0.07879251,-0.14231473,-0.104411244,-0.07233745,-0.113178074,-0.3021134,-0.2214626,-0.37392217,-0.3970536,-0.20454115,-0.12902588,-0.45337898,-0.06259787,-0.16530335,-0.14972764,0.12241634,-0.14569551,-0.018417835,-0.49438858,-0.20347482,-0.32001907,-0.3079002,-0.5284498,-0.109656274,-0.31030983,-0.094430506,-0.28877884,0.01797758,-0.15243131,-0.28009284,-0.1686315,-0.32471782,-0.24092305,0.14588161,-0.25713462,-0.16325188,-0.050899804,-0.15526855,0.046845064,0.36267936,-0.22841763,-0.068139195,-0.2801671,-0.28760487,0.35047284,-0.24231315,-0.11871481,-0.41545916,-0.028529167,-0.15937269,-0.5184325,-0.081875205,0.09299495,-0.075493395,-0.18605882,-0.1045481,-0.48564565,-0.091594934,-0.23189878,-0.17733717,-0.10403931,-0.13391405,0.013992608,-0.23454905,-0.16602373,-0.24414492,-0.2832858,-0.32460922,0.084791206,-0.06918043,-0.030514598,-0.15915841,-0.44706613,-0.24571818,-0.22959536,-0.28233182,0.08063277,-0.2228576,-0.18583417,-0.34231645,-0.469899,-0.23857492,-0.1573354
