-0.14563525,0.07687681,-0.6502582,0.04453171,0.2026634,0.33462158,0.09051865,0.1767243,-0.3700506,-0.09224993,-0.31106675,-0.38654876,0.11082748,0.15873608,0.23460351,0.014671389,-0.14494777,-0.032298088,-0.2987187,-0.26483643,-0.30203867,0.018203873,-0.31389093,-0.18268597,-0.25886744,-0.07885623,-0.19944805,-0.27421004,-0.23207057,-0.2748487,-0.23220938,0.14460614,-0.25065863,-0.2819515,-0.51729655,0.16132924,-0.11696714,-0.26013196,-0.43166542,0.08244692,-0.281937,-0.34405994,0.3871548,-0.086012244,-0.5492028,-0.0006890297,0.25058368,-0.17517954,0.15579313,-0.25187898,-0.12209779,0.08513003,-0.24935567,0.326028,-0.17226797,-0.15098816,-0.19266492,-0.20986146,-0.2591557,0.0048967004,-0.4654538,-0.015435874,0.24070062,-0.13135338,-0.43115664,-0.2671556,-0.068810046,-0.24306554,-0.283619,0.27182811,-0.48636162,-0.4166488,-0.14467043,-0.09696263,0.06707099,-0.29891008,-0.14655685,-0.10670936,-0.17126578,0.23814206,0.2551613,-0.38185054,-0.04147631,-0.21749717,-0.17564821,-0.063393354,-0.39071053,-0.019522667,-0.21823937,-0.4621992,-0.25504047,-0.3711831,-0.28141558,-0.40962452,0.13363533,-0.41934282,-0.36311406,-0.19938153,-0.23872322,-0.08676815,0.04452849,-0.4439463,0.0905208,-0.41752905,-0.28392845,-0.5218094,-0.33657467,-0.34156263,-0.06842011,-0.4943595,-0.2828669,-0.30465633,-0.25374085,-0.23099715,-0.42073512,-0.033678174,-0.01264286,-0.2676826,-0.30063486,-0.18834639,-0.36206996,-0.4891128,-0.30397147,-0.22332358,-0.09254891,0.19540724,-0.26817513,-0.2413215
-0.09183663,0.13655746,-0.6313708,-0.0123156905,0.19837804,0.28416398,0.03469994,0.26593497,-0.3097828,-0.14313453,-0.29408365,-0.4048887,0.026166413,0.06020939,0.17019273,0.088609345,-0.22077024,-0.0899331,-0.26045328,-0.27861607,-0.2322166,0.0053812265,-0.31519967,-0.2437892,-0.2739308,-0.10020453,-0.18979496,-0.31495398,-0.27622122,-0.30479473,-0.28386676,0.09133158,-0.27970535,-0.29329574,-0.46263063,0.10238558,-0.07973504,-0.2862026,-0.45844007,-0.008520186,-0.31035668,-0.37576824,0.35104832,-0.12418866,-0.5442321,0.028650291,0.18054615,-0.23208249,0.09667245,-0.29665726,-0.2003029,-0.021821797,-0.27690113,0.24276426,-0.17608643,-0.16685414,-0.18896109,-0.2892586,-0.29355323,-0.096396685,-0.43048042,-0.06885594,0.29616827,-0.07852656,-0.47036135,-0.2601773,-0.096451044,-0.29337376,-0.26981694,0.3246849,-0.4758622,-0.42796963,-0.15732777,-0.14433187,0.13191769,-0.26191974,-0.16169941,-0.048419297,-0.19157398,0.14894642,0.30603266,-0.37022758,-0.17543179,-0.2539462,-0.1676268,-0.07412249,-0.41613227,-0.1192987,-0.21188438,-0.40825891,-0.25423616,-0.37695855,-0.30197036,-0.41831917,0.07717321,-0.37365294,-0.40389746,-0.20999217,-0.2245577,-0.12934983,-0.02250278,-0.4640109,-0.017917275,-0.4100935,-0.29186213,-0.48615968,-0.33866227,-0.35863757,-0.09480667,-0.47078532,-0.25639474,-0.3053984,-0.2874694,-0.32607007,-0.40175992,-0.09733695,-0.045443177,-0.3041948,-0.3331501,-0.20557612,-0.40435338,-0.4550537,-0.2992587,-0.3126244,-0.21253675,0.2022305,-0.24175596,-0.21696335
-0.12049371,0.16411573,-0.58386874,-0.08995521,0.17371477,0.12807974,-0.05956328,0.2895305,-0.27307266,-0.19574797,-0.27180654,-0.38062906,-0.1622107,-0.09474993,0.059499916,0.15478477,-0.32581025,-0.1401335,-0.20184559,-0.29260635,-0.22526634,-0.023656428,-0.2353949,-0.29265052,-0.27579468,-0.12284964,-0.16846061,-0.3999523,-0.384867,-0.36321723,-0.33010906,-0.077290416,-0.29441166,-0.32083374,-0.35491168,-0.024647057,-0.14528662,-0.3546784,-0.44144666,-0.13881934,-0.33706737,-0.3920017,0.15556806,-0.16399717,-0.52569497,-0.035681784,0.0070259618,-0.27063483,-0.02362281,-0.3159544,-0.26596528,-0.17487907,-0.3020264,0.022223132,-0.17537212,-0.28485942,-0.20015079,-0.4347604,-0.3614115,-0.2134065,-0.357997,-0.14410353,0.41288653,-0.1384725,-0.48988694,-0.22649413,-0.13081408,-0.4198478,-0.24244153,0.40620294,-0.47108722,-0.41210335,-0.16384071,-0.21044368,0.07055278,-0.21402383,-0.23451746,0.0050679743,-0.23664308,0.0017110882,0.27633768,-0.33893895,-0.36001074,-0.27198952,-0.07301468,-0.09292358,-0.39584488,-0.25697058,-0.218831,-0.38395274,-0.17620492,-0.3421408,-0.33808553,-0.39701784,-0.046069026,-0.3885166,-0.44266486,-0.20049685,-0.17200047,-0.1895867,-0.1762675,-0.40767747,-0.18528175,-0.3886422,-0.21271777,-0.40838933,-0.3320306,-0.3365376,-0.16891396,-0.39974242,-0.26434535,-0.33222902,-0.2980975,-0.40488166,-0.37276572,-0.25116497,-0.1497848,-0.43056345,-0.33066303,-0.22906387,-0.42729163,-0.37062407,-0.3432808,-0.39506835,-0.3551619,0.13852163,-0.20780414,-0.15440506
-0.043572187,0.29916668,-0.5622512,-0.17989099,0.19464363,0.07697373,-0.11380994,0.42656723,-0.14819497,-0.25574833,-0.26637173,-0.42641073,-0.24329662,-0.21044642,-0.012745082,0.29715905,-0.43374163,-0.20282191,-0.13863504,-0.32449758,-0.074376106,-0.012887716,-0.24622309,-0.37534058,-0.31376016,-0.1573239,-0.1196568,-0.45771164,-0.4443978,-0.41621763,-0.41630632,-0.12366009,-0.3371029,-0.33929342,-0.22001433,-0.08319855,-0.09943265,-0.39893538,-0.48208082,-0.2716385,-0.4071582,-0.46477532,0.14231493,-0.25678813,-0.5388992,0.035876,-0.061697006,-0.34578252,-0.08568412,-0.38465315,-0.3778205,-0.31392854,-0.32108122,-0.0756433,-0.17851806,-0.27745914,-0.18452847,-0.5267982,-0.41525292,-0.33064353,-0.2867604,-0.2318328,0.47096768,-0.0672524,-0.57290244,-0.21198738,-0.17878842,-0.4842164,-0.21457171,0.47533232,-0.4344396,-0.44423372,-0.2215901,-0.3176388,0.17009816,-0.1414895,-0.24905246,0.100061715,-0.26031184,-0.113146365,0.38168055,-0.3358497,-0.49142796,-0.31534976,-0.098219216,-0.10221201,-0.45791554,-0.3530836,-0.22089916,-0.27222383,-0.17180377,-0.36423278,-0.36931628,-0.39660525,-0.10115272,-0.3110444,-0.51187325,-0.25039834,-0.12773222,-0.254395,-0.2713046,-0.45288843,-0.30034083,-0.37179828,-0.22702247,-0.3248514,-0.3049791,-0.3564728,-0.19193184,-0.36154377,-0.19628322,-0.33279365,-0.32200903,-0.52757174,-0.32539696,-0.30018288,-0.16484153,-0.48255354,-0.37084413,-0.28640234,-0.52031946,-0.29786897,-0.31543994,-0.5206377,-0.47050947,0.12602136,-0.16969687,-0.09991425
-0.10631341,-0.024695218,-0.52493155,0.1847504,-0.123370945,-0.075306,-0.15858811,0.16156213,-0.20015997,-0.24387443,-0.091468215,-0.39320493,-0.2746213,-0.079119265,-0.024208367,-0.023602068,-0.4352731,-0.21940702,-0.2265383,-0.3158177,-0.2321251,-0.19434524,-0.27911007,-0.24163932,-0.25466,0.08936645,-0.08966702,-0.22526157,-0.21317047,-0.48526376,-0.42703056,-0.16744787,-0.2954592,-0.30548775,-0.4533559,-0.16478372,0.012146192,-0.16505396,-0.462663,-0.115937114,-0.2400232,-0.23906565,-0.090417564,0.0018024743,-0.45065773,-0.17304522,-0.10747695,-0.3390566,-0.10868335,-0.33885437,-0.15703821,-0.0953148,-0.49828386,-0.11791313,0.02814442,-0.40477234,-0.24956864,-0.30460823,-0.17883378,-0.3234524,-0.4263175,0.07799623,0.4099447,-0.0036765933,-0.3353728,-0.07932097,0.11109109,-0.27091295,-0.2767414,0.3310381,-0.37720472,-0.36616617,-0.0025891066,-0.045472443,0.21403089,-0.17894691,-0.2775582,-0.098044574,-0.24392688,-0.063736916,0.023249507,-0.24024075,-0.4363098,-0.26443166,0.12728363,0.16526678,-0.32276016,-0.29218906,-0.14608818,-0.33096147,-0.3185042,-0.31901222,-0.29912257,-0.54773855,-0.107542396,-0.35888737,-0.41493046,0.016829835,-0.20430088,0.043430157,-0.0291965,-0.40960044,-0.20551163,-0.5105928,-0.3292477,-0.49621737,-0.44381154,-0.25879622,-0.20444661,-0.27644527,-0.30831707,-0.2880783,-0.35393542,-0.41176772,-0.46203303,-0.37887114,-0.40403855,-0.13956839,-0.2791947,0.11420239,-0.2642634,-0.4208724,-0.34817338,-0.36907572,-0.4647789,0.030399792,-0.2630983,-0.15380692
-0.15230131,-0.03609252,-0.5613651,0.06212735,-0.02131015,0.03679365,-0.06340736,0.20537709,-0.3026591,-0.1721161,-0.18887007,-0.36903,-0.20016849,0.034040906,0.06643658,-0.0052488446,-0.31316054,-0.10743463,-0.19536197,-0.28635055,-0.30977178,-0.14466745,-0.25359392,-0.23268586,-0.24063271,-0.053066075,-0.22105867,-0.2939446,-0.27660567,-0.41940898,-0.3396561,-0.12602103,-0.32308275,-0.32016534,-0.47471815,-0.041155577,-0.025620103,-0.2791555,-0.4526857,0.008501906,-0.20609069,-0.23742151,0.04619715,0.072992116,-0.4790461,-0.15109569,-0.010906756,-0.22732258,-0.021614373,-0.29044276,-0.10463363,0.011143043,-0.4175905,0.010980445,-0.13487858,-0.37129593,-0.22829682,-0.31523645,-0.23585641,-0.1962924,-0.44370204,0.044916496,0.46893176,-0.03809023,-0.32750297,-0.233774,-0.0509845,-0.30883855,-0.2512933,0.38437507,-0.51568425,-0.3718124,0.044971947,0.05915432,0.096358515,-0.22891504,-0.2737497,-0.12038654,-0.22368485,0.065479666,0.09514322,-0.28920865,-0.32566816,-0.25795668,0.1250485,-0.05850935,-0.26430172,-0.23521245,-0.2046035,-0.43252474,-0.25675243,-0.33132893,-0.32269204,-0.50264883,-0.053697944,-0.39647865,-0.4072492,0.00792017,-0.1942091,-0.022152126,0.025795892,-0.390886,-0.0818997,-0.48062193,-0.2785462,-0.5063622,-0.43669474,-0.32600933,-0.1717518,-0.34175795,-0.3688516,-0.34142745,-0.33976084,-0.33886838,-0.4500466,-0.3251198,-0.31291163,-0.20639074,-0.33398592,-0.0036242008,-0.25261593,-0.44808668,-0.41675985,-0.29542786,-0.37283564,0.10239894,-0.20516634,-0.16025108
-0.14012337,-0.1857025,-0.505466,0.07652446,-0.24543965,-0.14836425,-0.19105422,0.13242151,-0.2112425,-0.23856169,0.009025505,-0.34982175,-0.3235278,-0.023899138,-0.06951034,-0.0928278,-0.39925188,-0.17195356,-0.1343621,-0.27581018,-0.29455477,-0.28920883,-0.2538671,-0.21889746,-0.22305965,-0.040085733,-0.20694268,-0.22471815,-0.22927469,-0.50257087,-0.41584235,-0.22668666,-0.37473643,-0.33716017,-0.49144846,-0.19116265,0.0993174,-0.21867967,-0.46901077,-0.030642688,-0.049488187,-0.046816826,-0.18705308,0.25192538,-0.43677586,-0.30237448,-0.19389856,-0.2609573,-0.17663467,-0.34410554,-0.025259078,0.02661835,-0.5412352,-0.18731117,-0.11803442,-0.45320296,-0.2617793,-0.28923255,-0.1190595,-0.29428476,-0.46965456,0.121362865,0.53906924,0.054698482,-0.12799329,-0.21656954,-0.040762424,-0.24886125,-0.2515856,0.37830415,-0.5356399,-0.33004057,0.20236151,0.24424313,0.11293176,-0.24114251,-0.32276696,-0.15137434,-0.2583946,-0.06857985,-0.111047864,-0.15714848,-0.43723142,-0.27868146,0.30243206,-0.065114856,-0.13186842,-0.33941245,-0.14765143,-0.3810588,-0.3471133,-0.2979011,-0.33553886,-0.5717568,-0.1941325,-0.32290345,-0.42386532,0.25729838,-0.16145456,0.07570233,0.05955068,-0.37151694,-0.17699754,-0.5523757,-0.34528905,-0.5368191,-0.5070799,-0.29282498,-0.23179871,-0.19751573,-0.39607137,-0.34095436,-0.39780158,-0.4065163,-0.50190604,-0.44450176,-0.45695162,-0.011379778,-0.3798929,0.2023578,-0.050853193,-0.46120924,-0.48133886,-0.32060593,-0.51326996,-0.0340932,-0.17848033,-0.09537351
-0.07987189,-0.14385468,-0.5722785,-0.17561328,-0.17520529,0.0123540135,-0.30924433,-0.16268307,-0.15097636,-0.30955744,0.13161103,-0.2609275,-0.088425994,-0.28805387,-0.17664254,-0.16251689,-0.33587867,-0.29432666,-0.30259424,-0.17174494,-0.18078494,-0.18237591,-0.26402253,-0.079568446,-0.18050039,-0.19717836,-0.067582965,-0.17304409,-0.2232902,-0.31013227,-0.26766694,0.024876319,-0.2526512,-0.22521174,-0.39572322,-0.27206564,-0.19622493,-0.09932101,-0.36966264,-0.26147628,-0.07512522,-0.12301582,-0.17846894,-0.11126739,-0.4858876,-0.29899687,-0.29437625,-0.34804332,-0.31395662,-0.33013856,-0.21791309,-0.21886057,-0.434312,-0.2271052,-0.23123872,-0.21910232,-0.23943043,-0.24346942,-0.099859655,-0.27326226,-0.3385542,-0.20460331,0.04481124,-0.2766103,-0.1880002,-0.16837531,-0.20996839,-0.18581986,-0.3242858,0.08201605,-0.4256935,-0.2552781,-0.24937075,-0.23902112,-0.09702617,-0.41072124,-0.11915976,0.032803908,-0.26525766,-0.24720669,-0.1700437,0.0051099807,-0.37824184,-0.21042192,-0.24548256,-0.17382348,-0.37597477,-0.3348133,0.045037292,-0.2092269,-0.38520038,-0.21539825,-0.29559964,-0.35700953,-0.26202554,-0.30775315,-0.2892496,-0.06763047,-0.12247783,-0.20527858,-0.26300853,-0.33429593,-0.41248417,-0.4017756,-0.34669316,-0.41887486,-0.24537855,-0.17753524,-0.2317692,-0.31979197,0.008908689,-0.21194887,-0.25153458,-0.35918587,-0.41693527,-0.13859081,-0.11296767,-0.31689012,-0.34507835,-0.1568029,-0.13376087,-0.3653627,-0.24440819,-0.35369653,-0.41315967,-0.19206089,-0.31487352,-0.09839845
-0.08265495,-0.07972026,-0.56419766,-0.08892709,-0.09562224,0.016873643,-0.26393908,0.0052352445,-0.2018016,-0.30799145,0.03908903,-0.28552347,-0.17816615,-0.21299845,-0.1255939,-0.04568726,-0.30230808,-0.25889826,-0.23493612,-0.19423419,-0.23242271,-0.19437939,-0.25301945,-0.18427652,-0.21958369,-0.11010444,-0.061977923,-0.26209062,-0.26302898,-0.31688744,-0.31701058,-0.034852505,-0.2552606,-0.27749598,-0.41933274,-0.2371372,-0.15553868,-0.16571397,-0.39397073,-0.19037998,-0.096496224,-0.12949938,-0.12188488,-0.039787173,-0.49637467,-0.29650617,-0.23829788,-0.31973612,-0.2599632,-0.361701,-0.17002892,-0.15251797,-0.41485596,-0.18829387,-0.16197431,-0.28173268,-0.25800538,-0.30073035,-0.18922949,-0.23694426,-0.4007675,-0.11266154,0.22916247,-0.21979046,-0.20656866,-0.1552741,-0.10959864,-0.25856453,-0.30903727,0.23117778,-0.4463144,-0.33424246,-0.13645178,-0.11132681,-0.03754294,-0.36158103,-0.18695194,0.07066731,-0.28381705,-0.1955238,-0.06266612,-0.102665424,-0.36700565,-0.2803238,-0.11883557,-0.07729733,-0.3168699,-0.33168328,-0.022799611,-0.3137567,-0.34311843,-0.24530935,-0.30033088,-0.4009,-0.23897475,-0.30573833,-0.36544573,0.02118252,-0.20334792,-0.13598353,-0.22541648,-0.36459398,-0.3403442,-0.4443589,-0.30990756,-0.4695627,-0.37057513,-0.21887344,-0.24244678,-0.34568578,-0.14835131,-0.24407893,-0.34184593,-0.4017806,-0.4558109,-0.24975681,-0.17050028,-0.3253929,-0.34714544,-0.08264804,-0.12414378,-0.41657192,-0.32879746,-0.33914185,-0.42905164,-0.03989017,-0.27705336,-0.13286716
-0.12950689,-0.101620555,-0.5437949,0.389482,-0.14951408,-0.046709716,-0.22914755,-0.12044811,-0.24463618,-0.27528888,0.0108766295,-0.3204897,-0.17835778,-0.14632708,-0.058627844,-0.1803158,-0.38548577,-0.3098359,-0.3835768,-0.27283895,-0.28547716,-0.1918295,-0.28242582,-0.10130167,-0.21595126,0.28595492,0.09864562,-0.055393994,-0.05298108,-0.40133828,-0.35681713,-0.06553239,-0.09974843,-0.23167741,-0.5154111,-0.2502994,-0.16782331,0.10885104,-0.36860514,-0.14769089,-0.21177733,-0.17597175,-0.17615062,-0.10509533,-0.42302763,-0.24941784,-0.1471178,-0.39530855,-0.16439104,-0.3017683,-0.12045896,-0.10188007,-0.4908787,-0.13609302,0.22421372,-0.36793768,-0.28879172,-0.13934451,-0.07129538,-0.28434843,-0.43797898,0.12080662,0.10484056,-0.22333175,-0.2429899,0.16570951,0.3611845,-0.12912947,-0.36708552,0.105242975,-0.13854909,-0.31556398,-0.15504014,-0.18282521,0.1379909,-0.2718475,-0.18812966,-0.07658309,-0.24971896,-0.12233329,-0.1380828,-0.1835202,-0.33922267,-0.20251763,-0.060639918,0.4636541,-0.38821,-0.20967656,-0.013580859,-0.31959605,-0.36598784,-0.24350291,-0.19818437,-0.5093659,-0.11196321,-0.42016286,-0.27188343,-0.04732704,-0.2896583,0.09890541,-0.11434406,-0.35197246,-0.2671178,-0.493537,-0.32915848,-0.5256654,-0.39987922,-0.094380796,-0.21781647,-0.33912104,-0.18747938,-0.16457862,-0.29646182,-0.290497,-0.49493915,-0.28019583,-0.35068047,-0.16890651,-0.09663594,0.18194845,-0.15606552,-0.43689704,-0.19058359,-0.25366282,-0.35774547,-0.022993565,-0.40787297,-0.24756193
-0.14833903,-0.14123017,-0.5328866,0.55156887,-0.19321674,-0.08168203,-0.22256035,-0.16818708,-0.26201206,-0.2634529,0.024967385,-0.324736,-0.18700713,-0.11111313,-0.042326152,-0.23770654,-0.4048859,-0.32187176,-0.42018878,-0.29132736,-0.31497437,-0.21116567,-0.2919097,-0.062104166,-0.20733184,0.4115434,0.13177922,0.03989925,0.0421966,-0.43116772,-0.3682027,-0.0859018,-0.056509614,-0.21829998,-0.55579233,-0.2594536,-0.15495771,0.20888433,-0.36140764,-0.11215949,-0.21519959,-0.15386754,-0.21113515,-0.08303028,-0.38941318,-0.25530666,-0.12739241,-0.40980518,-0.13913178,-0.2791329,-0.07393575,-0.055788636,-0.5262534,-0.12623519,0.34431127,-0.40522307,-0.30270892,-0.058025658,-0.004373133,-0.29522908,-0.46125478,0.22109857,0.07934867,-0.21266758,-0.21227992,0.25815418,0.510929,-0.0631026,-0.38455892,0.06500032,-0.040974975,-0.30018657,-0.12735575,-0.15930372,0.18782577,-0.24930704,-0.19608778,-0.13493991,-0.23909527,-0.09400731,-0.18695801,-0.19360536,-0.32640314,-0.17679805,-0.008137524,0.62182826,-0.3846277,-0.17042267,-0.0069930553,-0.33136594,-0.383013,-0.23891014,-0.16346496,-0.5507357,-0.078035295,-0.45041168,-0.23354506,-0.025663197,-0.3155849,0.19839811,-0.04838389,-0.3426965,-0.23355311,-0.520015,-0.34319597,-0.55463505,-0.42558944,-0.053186476,-0.21291113,-0.3257239,-0.2198143,-0.14284372,-0.2919405,-0.24134368,-0.51687074,-0.30399638,-0.41628885,-0.07066882,-0.011214435,0.30322522,-0.12165707,-0.45414233,-0.16781104,-0.2053324,-0.34119374,-0.025409281,-0.44045287,-0.27821803
-0.09942174,-0.024670303,-0.57425714,-0.24594885,0.027967129,0.063686885,-0.28680712,0.010543083,-0.2385819,-0.32137316,-0.0047447085,-0.22090864,-0.16742194,-0.29637223,-0.15790045,0.027045738,-0.22890419,-0.26202065,-0.21608144,-0.14599752,-0.2506097,-0.13463461,-0.18519795,-0.202088,-0.20949304,-0.22105682,-0.08603042,-0.3709858,-0.37787282,-0.20316547,-0.23473543,-0.026502073,-0.23125607,-0.28224826,-0.33402044,-0.24899417,-0.28516012,-0.26477104,-0.34644192,-0.24475318,-0.111325264,-0.17506307,-0.11603886,-0.12793028,-0.5199277,-0.30359334,-0.28424138,-0.3007664,-0.30015486,-0.35335708,-0.23802978,-0.23912042,-0.3086143,-0.22402388,-0.26194525,-0.24410915,-0.24891323,-0.4039793,-0.29787052,-0.1957205,-0.33620703,-0.24707955,0.22217798,-0.3414603,-0.2512706,-0.2034871,-0.2325983,-0.3676427,-0.30127764,0.26293072,-0.49098927,-0.33152384,-0.22650915,-0.21157843,-0.1776843,-0.40117663,-0.16729242,0.18117283,-0.3055079,-0.24694026,-0.0059414506,-0.098024786,-0.3621443,-0.2893955,-0.20479697,-0.2113918,-0.3331796,-0.36609554,-0.02386868,-0.33692348,-0.26124012,-0.20703393,-0.3222298,-0.26449555,-0.28574532,-0.33113486,-0.36144114,-0.06908029,-0.1866135,-0.2754103,-0.35933006,-0.31206322,-0.40842897,-0.35725254,-0.21507454,-0.39884138,-0.30310094,-0.22664839,-0.26473385,-0.38929456,-0.09165424,-0.2583428,-0.3199005,-0.40206528,-0.41303247,-0.2113753,-0.0023661256,-0.51144147,-0.3671087,-0.25046664,-0.16559058,-0.36244386,-0.33665597,-0.34950042,-0.40470505,-0.022962451,-0.25375396,-0.12004799
-0.16165698,-0.054914534,-0.54195595,-0.13490295,0.0025836304,-0.024758875,-0.2465058,-0.025722027,-0.28399253,-0.27756453,-0.04280752,-0.211142,-0.22916216,-0.2588821,-0.1383748,-0.019928038,-0.26363492,-0.2376123,-0.23469627,-0.17680061,-0.32312953,-0.14345485,-0.13360363,-0.18104678,-0.19319934,-0.12094557,-0.11505747,-0.36254328,-0.36122864,-0.26697493,-0.24137825,-0.121088386,-0.22268486,-0.2850716,-0.36157352,-0.23816484,-0.28644115,-0.26879686,-0.3249883,-0.20267266,-0.13014674,-0.1669876,-0.18677616,-0.0790239,-0.48150223,-0.30791038,-0.2701391,-0.2861321,-0.26073366,-0.3054775,-0.20020562,-0.20317489,-0.3425737,-0.23698956,-0.1392479,-0.3484881,-0.25236112,-0.4056589,-0.28844726,-0.2090863,-0.3438738,-0.14871103,0.2951833,-0.3416003,-0.23409063,-0.18029773,-0.12726569,-0.38258713,-0.30254197,0.27976382,-0.47848052,-0.30474383,-0.16829109,-0.16526735,-0.17825109,-0.34591144,-0.21869546,0.0871025,-0.2971471,-0.20171416,-0.055027008,-0.13149244,-0.3744591,-0.2579193,-0.060490966,-0.14785713,-0.28213876,-0.33871943,-0.069347024,-0.3896973,-0.20996022,-0.19317251,-0.30779094,-0.31973934,-0.25682807,-0.40922868,-0.34538585,-0.040688872,-0.19209212,-0.19852537,-0.31976694,-0.24916226,-0.370655,-0.37998813,-0.15679729,-0.40594333,-0.33660245,-0.21658581,-0.26793504,-0.34507447,-0.1904769,-0.27190703,-0.30443555,-0.35072958,-0.41470784,-0.2974046,-0.14896768,-0.48859882,-0.30927724,-0.15233535,-0.14883274,-0.35406882,-0.36270618,-0.2982703,-0.40043753,-0.023860991,-0.26361394,-0.125862
-0.24268144,-0.097733915,-0.51934004,-0.1533711,0.018986888,-0.09193218,-0.25608116,-0.0055903196,-0.35208446,-0.26095915,-0.091419995,-0.15838689,-0.31131542,-0.2599461,-0.1393776,-0.014645696,-0.25091612,-0.21211421,-0.19033855,-0.18015718,-0.40339565,-0.14030737,-0.035247862,-0.19177878,-0.17431515,-0.16334385,-0.17951727,-0.42577362,-0.44636416,-0.28096086,-0.20690441,-0.23634881,-0.22146517,-0.322015,-0.3359108,-0.25361377,-0.35171813,-0.347987,-0.29140282,-0.17415792,-0.12673682,-0.16005224,-0.25628453,-0.034615815,-0.46183425,-0.3426469,-0.30915016,-0.23999625,-0.26605433,-0.2650168,-0.17539352,-0.20337272,-0.32553577,-0.28745914,-0.21965641,-0.43642527,-0.2652163,-0.48597455,-0.35452044,-0.1978001,-0.32235026,-0.17678064,0.43324104,-0.39183098,-0.22342718,-0.18201667,-0.1636563,-0.47394848,-0.27192134,0.37339786,-0.531385,-0.2872795,-0.10670632,-0.117159605,-0.26338452,-0.34083945,-0.28363228,0.053347185,-0.30983526,-0.19871438,-0.06947249,-0.15775341,-0.4071216,-0.24724984,0.07522652,-0.17738253,-0.20048124,-0.37673813,-0.13229847,-0.46249437,-0.099847615,-0.16251856,-0.33905,-0.30522674,-0.28540492,-0.47560447,-0.34467834,-0.004606843,-0.1627053,-0.23465121,-0.34342057,-0.15524608,-0.3692227,-0.36270452,-0.043895125,-0.387734,-0.36080527,-0.21998101,-0.2950061,-0.3224507,-0.29996598,-0.33737153,-0.30130124,-0.3182391,-0.41876233,-0.38790333,-0.2186358,-0.5620271,-0.29424673,-0.1738736,-0.12991989,-0.3223467,-0.45655972,-0.2752126,-0.40953243,-0.016135454,-0.21264565,-0.124950886
-0.22321498,-0.042387724,-0.4505577,0.19398558,0.06255913,-0.16561836,-0.09495276,0.031202383,-0.41663462,-0.100786984,-0.20276695,-0.19756675,-0.32954937,-0.14890963,0.061652932,-0.05437386,-0.29249954,-0.13925672,-0.27225763,-0.25244188,-0.46196616,-0.08258271,0.008274594,-0.16841936,-0.15713108,0.077848166,-0.19036084,-0.37768054,-0.36305696,-0.34500664,-0.20611662,-0.2907021,-0.16536885,-0.28366297,-0.38230205,-0.055553615,-0.2609167,-0.2990986,-0.29006988,0.022120494,-0.26377016,-0.26380426,-0.22558218,0.005011121,-0.35498828,-0.1798442,-0.12705791,-0.22549516,0.0042556752,-0.12455547,-0.16851383,-0.1392563,-0.36370778,-0.101414084,-0.003451407,-0.5190953,-0.17640597,-0.44998097,-0.31550157,-0.2297039,-0.32530457,0.019258091,0.505148,-0.28410894,-0.32065403,-0.105834246,0.1725323,-0.45433313,-0.2841233,0.4049004,-0.44710922,-0.23764807,-0.037107885,-0.0903154,-0.041989267,-0.12949038,-0.30213296,-0.093124926,-0.240969,0.11157196,-0.038493335,-0.2520246,-0.3842724,-0.19044948,0.25986654,0.09334525,-0.1844024,-0.2986253,-0.17918086,-0.5070528,0.0075732404,-0.16271687,-0.25314015,-0.39714736,-0.08282238,-0.56071657,-0.2829051,-0.061959386,-0.24620032,-0.021524072,-0.107889056,-0.1259247,-0.27133507,-0.3782252,0.037631832,-0.38621157,-0.39010352,-0.19251227,-0.2410788,-0.32891786,-0.37447876,-0.29513836,-0.2625342,-0.16992897,-0.35457784,-0.43003702,-0.36444014,-0.43399757,-0.10874045,0.061370693,-0.22777206,-0.31141108,-0.3959601,-0.15749705,-0.32368457,0.18525906,-0.2587275,-0.122394085
-0.11122382,0.0015312094,-0.45592183,0.32673123,0.015534744,-0.12893212,-0.02697903,0.09625622,-0.3551349,-0.07008183,-0.18298769,-0.29555595,-0.26609683,-0.06334442,0.15070972,-0.06130314,-0.33443838,-0.13007689,-0.29716545,-0.28561676,-0.3873158,-0.095489144,-0.12421203,-0.1753825,-0.18099749,0.16857581,-0.15450066,-0.27710295,-0.22452998,-0.38917357,-0.27837527,-0.20779002,-0.1949687,-0.24987096,-0.43382418,0.057054475,-0.064560115,-0.19841653,-0.36798704,0.09180008,-0.29054904,-0.2860275,-0.11076987,0.034306183,-0.3438148,-0.059922397,0.011065236,-0.2609533,0.12951098,-0.15076149,-0.1694436,-0.08162445,-0.4244309,0.06255324,0.087998055,-0.4705782,-0.12871617,-0.34067947,-0.21243209,-0.2635473,-0.37134814,0.12733074,0.44496027,-0.08582789,-0.3524279,-0.100752234,0.28785944,-0.33350164,-0.29696846,0.36164108,-0.38725215,-0.25872082,-0.009424984,-0.054208636,0.2207746,-0.050424337,-0.2585355,-0.12626493,-0.1947813,0.24025527,0.004879088,-0.25759983,-0.3605457,-0.20373482,0.21885788,0.2114972,-0.24454594,-0.2495631,-0.14773446,-0.44516212,-0.12623465,-0.22405809,-0.20900911,-0.47719562,0.038376287,-0.49947315,-0.29196453,-0.056836426,-0.28468186,0.12410567,0.10880891,-0.2664156,-0.20533884,-0.43181646,-0.123099744,-0.4311387,-0.41092658,-0.2083118,-0.18328357,-0.3411833,-0.33194208,-0.23547864,-0.28498363,-0.19809532,-0.34888077,-0.3760568,-0.38388646,-0.19451809,-0.11346501,0.19745256,-0.26635772,-0.36728054,-0.30753404,-0.17667896,-0.31882232,0.25526434,-0.28416455,-0.11339682
-0.16208345,-0.014828563,-0.45740312,0.28647682,0.021755043,-0.14170355,-0.056823254,-4.708767e-05,-0.36679858,-0.09499669,-0.17320043,-0.25129825,-0.27540553,-0.11773002,0.07437709,-0.083548844,-0.32463813,-0.15350896,-0.3181275,-0.26566,-0.41240865,-0.09815419,-0.07884854,-0.14925325,-0.17152011,0.19019033,-0.14035541,-0.2952168,-0.24524283,-0.3671497,-0.25278986,-0.21977067,-0.16880178,-0.24662262,-0.42285913,-0.027599514,-0.16806585,-0.20784664,-0.32295173,0.016192997,-0.2710482,-0.2627774,-0.18072778,-0.0071113706,-0.35575885,-0.13677108,-0.06300974,-0.26687247,0.039441075,-0.1508683,-0.171143,-0.113211036,-0.4029284,-0.04121214,0.17357704,-0.47983867,-0.16358334,-0.35529613,-0.23011631,-0.2504301,-0.35613036,0.123292774,0.40397057,-0.20596445,-0.32039976,-0.09410542,0.2804312,-0.35629505,-0.31433398,0.31859088,-0.37671304,-0.24554837,-0.06262696,-0.10472,0.085625924,-0.092859924,-0.26215613,-0.10979366,-0.21986604,0.13880365,-0.047861636,-0.2425605,-0.35650378,-0.18767405,0.20595014,0.16862848,-0.24131465,-0.23746246,-0.1401211,-0.45631665,-0.100302696,-0.19246256,-0.20950782,-0.4416932,-0.024285018,-0.5264597,-0.27945328,-0.07607192,-0.27565145,0.08396112,-0.031757176,-0.20147318,-0.24357766,-0.4133786,-0.07013935,-0.4135331,-0.38759995,-0.18707812,-0.20981598,-0.32561105,-0.31740534,-0.23138809,-0.26336563,-0.18477213,-0.35529512,-0.38103157,-0.36555982,-0.30104756,-0.09725469,0.15898225,-0.23572344,-0.34492582,-0.30238622,-0.15733069,-0.31588084,0.17579912,-0.31000614,-0.12416762
-0.1572479,-0.054556668,-0.5086963,0.12823534,-0.06825572,-0.08817899,-0.15472806,-0.104634225,-0.26526695,-0.2156325,-0.045827925,-0.26135492,-0.22295743,-0.17908412,-0.10030407,-0.10630214,-0.33780003,-0.22346586,-0.3137583,-0.22674191,-0.3323707,-0.166821,-0.16143656,-0.12937844,-0.18770999,0.15115695,-0.08100158,-0.24886537,-0.19158882,-0.3579328,-0.29784846,-0.122493565,-0.21142858,-0.24149603,-0.4376645,-0.19632328,-0.18449986,-0.15703094,-0.33327007,-0.15909958,-0.16432571,-0.15833753,-0.21013564,-0.038912535,-0.43298018,-0.26745522,-0.1863488,-0.31527102,-0.17586958,-0.26914638,-0.1602863,-0.13238722,-0.42137867,-0.1906333,0.24959558,-0.39619905,-0.2404275,-0.28390205,-0.16919702,-0.24737537,-0.3853997,0.10670019,0.25254524,-0.26046264,-0.21532345,-0.13673592,0.14726733,-0.26804817,-0.33985806,0.19187239,-0.3766091,-0.28015614,-0.12986857,-0.13256514,-0.046540916,-0.23797476,-0.22142547,-0.04165554,-0.2622515,-0.116306305,-0.11984247,-0.15588528,-0.3526261,-0.21368456,0.06189011,0.024898164,-0.28615952,-0.22859436,-0.06713343,-0.37640095,-0.25051117,-0.20846039,-0.23810154,-0.42948192,-0.15939873,-0.4435348,-0.31891125,-0.03003323,-0.23635077,0.021779617,-0.19809788,-0.25005126,-0.29323393,-0.44230425,-0.19188875,-0.44261283,-0.3664776,-0.19531822,-0.23499691,-0.2870624,-0.20927489,-0.20784551,-0.28221548,-0.2970742,-0.41484195,-0.3176936,-0.29015177,-0.31029028,-0.21811152,0.093209416,-0.1417287,-0.38086742,-0.27126288,-0.23005897,-0.38254225,-0.036925733,-0.33579582,-0.13555229
-0.15397221,-0.049817085,-0.47982204,0.35754794,-0.1177097,-0.1357202,-0.0692094,-0.17273062,-0.25160062,-0.15991277,-0.047294796,-0.2984867,-0.21487224,-0.111555696,-0.06797171,-0.17227829,-0.39245182,-0.21327013,-0.37793678,-0.2641229,-0.3414439,-0.18161261,-0.18168306,-0.08042103,-0.18226016,0.3885451,-0.046539843,-0.14004523,-0.01464057,-0.41982698,-0.33869523,-0.11958343,-0.19721532,-0.1994254,-0.49315864,-0.15994847,-0.09793776,-0.049777687,-0.33512676,-0.12424511,-0.1943304,-0.15355206,-0.23072481,-0.012105107,-0.38933796,-0.23183787,-0.11021048,-0.3406263,-0.098230004,-0.23489034,-0.12850481,-0.0720337,-0.47661346,-0.14991301,0.59145707,-0.43202144,-0.23031443,-0.16333282,-0.056441724,-0.2765355,-0.415919,0.32793912,0.2074908,-0.19521523,-0.20074183,-0.09587377,0.38766044,-0.15699822,-0.3721354,0.11262733,-0.27100074,-0.25683773,-0.10566771,-0.11458546,0.06964177,-0.1369617,-0.22017378,-0.13484007,-0.23308736,-0.040285647,-0.170906,-0.1737873,-0.33173084,-0.17311478,0.15764709,0.18094091,-0.29321074,-0.120896935,-0.060991228,-0.36566716,-0.28092277,-0.2186817,-0.17153496,-0.502676,-0.06828225,-0.4738146,-0.29261488,-0.027808964,-0.2733391,0.22287962,-0.08908707,-0.24744093,-0.22670627,-0.4862134,-0.21518397,-0.46904516,-0.38554603,-0.17383283,-0.20750523,-0.2377702,-0.21683353,-0.14441812,-0.2595033,-0.24527192,-0.4122336,-0.32984376,-0.3839814,-0.1257971,-0.1274482,0.3049754,-0.1371184,-0.4003263,-0.17810607,-0.16629142,-0.36357838,-0.047834575,-0.39531344,-0.14478523
0.012632139,0.12314997,-0.45185506,0.48034203,0.10846658,-0.06775397,0.08080595,0.110634215,-0.34937584,0.014260333,-0.2253167,-0.32919896,-0.1611861,-0.040526927,0.28792572,-0.05212462,-0.3220967,-0.12129861,-0.37869042,-0.29953933,-0.34618455,-0.0118352175,-0.16644853,-0.15752661,-0.18526071,0.2941866,-0.08454877,-0.2133025,-0.10462445,-0.34494013,-0.2558213,-0.09924227,-0.120973706,-0.17863363,-0.43878573,0.23407565,0.018766532,-0.09388262,-0.37281722,0.16316232,-0.38039857,-0.37901378,0.033782706,-0.06223023,-0.31099486,0.14777264,0.19857053,-0.29241306,0.32252264,-0.09771079,-0.23536706,-0.10088456,-0.39938408,0.29068482,0.21829516,-0.40852237,-0.02953881,-0.2614187,-0.16401452,-0.2669565,-0.35597587,0.17206277,0.31609875,0.0026555378,-0.44429672,-0.04782325,0.47868913,-0.25580102,-0.33153003,0.2967653,-0.2522176,-0.24708724,-0.112137735,-0.16933888,0.4409672,0.06971096,-0.17395872,-0.11569506,-0.13618863,0.4320676,0.086588055,-0.28925788,-0.2934153,-0.18534547,0.08752888,0.38775963,-0.3428365,-0.16944665,-0.104990125,-0.40382367,-0.13133645,-0.23055226,-0.11122495,-0.46713185,0.21627887,-0.49728876,-0.2348218,-0.18540967,-0.35572743,0.21661912,0.2501548,-0.32001042,-0.18965095,-0.4029076,-0.14002961,-0.40923363,-0.3638296,-0.17558187,-0.11709672,-0.41385102,-0.23255467,-0.12287015,-0.24761635,-0.13014519,-0.26689994,-0.26829332,-0.3253649,-0.06713259,0.0050488524,0.25326145,-0.36330348,-0.36336863,-0.11240113,-0.13304168,-0.20605588,0.4113961,-0.34923595,-0.113337815
-0.13092774,-0.16432643,-0.60018563,-0.32059985,-0.21855009,0.0771948,-0.3983752,-0.33622026,0.023916695,-0.35537714,0.3027185,-0.19769293,0.06676281,-0.397456,-0.2737695,-0.1931575,-0.38582897,-0.36447883,-0.34592462,-0.11559534,-0.020457625,-0.14620757,-0.25588334,0.07842419,-0.1602562,-0.29364884,0.038435094,-0.12787014,-0.25273114,-0.2785622,-0.23937416,0.1523492,-0.2316578,-0.17241305,-0.3032444,-0.36890137,-0.30432916,-0.053692937,-0.29110658,-0.40258157,-0.020710766,-0.08338076,-0.23993129,-0.2574768,-0.54253525,-0.35118848,-0.3814119,-0.40813863,-0.41603458,-0.36350513,-0.27172595,-0.34432483,-0.40754062,-0.31867844,-0.29289067,-0.045382917,-0.2194997,-0.25169432,-0.03907293,-0.3010983,-0.23950285,-0.35036552,-0.20201516,-0.40746284,-0.1448037,-0.1414383,-0.32598507,-0.15943813,-0.33560383,-0.10158032,-0.34954083,-0.20698899,-0.41409785,-0.42666858,-0.25231117,-0.5022466,-0.013660729,0.08894247,-0.27939743,-0.375852,-0.2745554,0.1704348,-0.4127741,-0.09075731,-0.41604292,-0.2428348,-0.46655625,-0.35372037,0.17594226,0.017432969,-0.4219063,-0.1593402,-0.2947384,-0.20639968,-0.3204751,-0.23679084,-0.24991661,-0.16158938,0.11136117,-0.31492746,-0.4031911,-0.27866387,-0.5053214,-0.32777905,-0.36057705,-0.3236845,0.04031937,-0.090738595,-0.24179703,-0.24980664,0.30668402,-0.13969469,-0.042923212,-0.39939064,-0.3714438,0.06755619,0.07696145,-0.39835685,-0.35505414,-0.29052788,-0.12680131,-0.2764203,-0.14740819,-0.42429924,-0.41365188,-0.41227,-0.35506648,-0.07662493
-0.065814614,-0.21740943,-0.57588226,-0.13601321,-0.28889304,-0.012966752,-0.33735913,-0.310771,-0.080838084,-0.30370718,0.24138762,-0.27717096,0.012715569,-0.32233262,-0.2041676,-0.29846174,-0.40976036,-0.33741152,-0.39276862,-0.1838488,-0.111305356,-0.18671453,-0.3149411,0.05807157,-0.14184755,-0.19433755,-0.04849261,0.028212849,-0.08225399,-0.35934675,-0.2585063,0.08470736,-0.24665868,-0.15205175,-0.42050314,-0.29954994,-0.17230034,0.06381394,-0.3664906,-0.30234408,-0.076443076,-0.118561566,-0.23138791,-0.16138071,-0.45250785,-0.27550167,-0.313841,-0.3971647,-0.33310467,-0.28940332,-0.240331,-0.24557024,-0.5013671,-0.23361093,-0.21538788,-0.17501009,-0.2259605,-0.094796,0.0815415,-0.3357194,-0.30208462,-0.2149691,-0.14996439,-0.2709539,-0.17025346,-0.12317383,-0.20730895,-0.015979111,-0.350106,-0.09546381,-0.3416689,-0.16412222,-0.32631654,-0.33322126,-0.05794233,-0.42970002,-0.0485211,-0.064238966,-0.22760868,-0.26670116,-0.28014648,0.100580655,-0.39080727,-0.11806482,-0.32923347,-0.15254217,-0.44310057,-0.31095243,0.11828046,-0.06663746,-0.45923042,-0.207762,-0.2690152,-0.38862163,-0.24344414,-0.3135481,-0.18971395,-0.13552624,-0.057975054,-0.18949896,-0.22307086,-0.3347165,-0.44701397,-0.39807218,-0.42432946,-0.40305138,-0.1307205,-0.1214596,-0.20242071,-0.27603978,0.15583907,-0.1584757,-0.15264845,-0.29842812,-0.39420497,-0.028141081,-0.1459927,-0.1793744,-0.3058362,-0.1278801,-0.14692473,-0.33694202,-0.114709556,-0.36019683,-0.3999462,-0.31941354,-0.37949854,-0.088495374
-0.17023033,-0.03973514,-0.55085695,-0.5007608,-0.076931834,0.09479362,-0.46786976,-0.34017462,0.11306919,-0.4193164,0.17017119,-0.1009804,0.07548645,-0.48832977,-0.3741632,-0.06990659,-0.3553474,-0.42361063,-0.321903,-0.035092115,0.12370541,-0.032608986,-0.15116483,0.02884646,-0.16599661,-0.39496988,0.04947511,-0.297463,-0.4172135,-0.12961316,-0.1339491,0.10462708,-0.176521,-0.17321694,0.039481565,-0.44666767,-0.49030316,-0.20856506,-0.16965479,-0.53203404,-0.104258895,-0.19073021,-0.24603558,-0.45480824,-0.5378568,-0.33222228,-0.45430595,-0.37804598,-0.4947341,-0.3356731,-0.36320204,-0.5185659,-0.15852958,-0.40070897,-0.36242002,0.14115511,-0.18033057,-0.44017547,-0.24587464,-0.23979592,0.03783383,-0.5314956,-0.28278255,-0.5552424,-0.2504536,-0.13414079,-0.4476626,-0.35970885,-0.27710193,-0.109936714,-0.26364112,-0.19407451,-0.55441177,-0.5957203,-0.41177452,-0.49167138,-0.013017893,0.17958918,-0.31428576,-0.5042043,-0.19619584,0.110725276,-0.40303433,-0.054249704,-0.5300491,-0.32724333,-0.496266,-0.35063142,0.11724389,0.1574904,-0.29064476,-0.096138835,-0.32401842,0.16185862,-0.3917297,-0.1860975,-0.23470366,-0.34795457,0.26803175,-0.49735457,-0.6042018,-0.17246228,-0.56403065,-0.042553604,-0.23006994,-0.015060782,0.31740677,-0.09023088,-0.26852077,-0.19770533,0.43160012,-0.13533008,0.10567323,-0.41978914,-0.20885909,0.1505788,0.38561532,-0.6427961,-0.3350067,-0.51692605,-0.23419106,0.0035182014,-0.07772261,-0.49741513,-0.34129912,-0.43404806,-0.3279888,-0.086459994
-0.20151013,-0.029679298,-0.5049914,-0.5480381,-0.09638554,0.04631788,-0.50003403,-0.35616517,0.20209853,-0.44552493,0.14106828,-0.08187181,0.05062093,-0.49705112,-0.42052966,-0.048488915,-0.38670492,-0.44583726,-0.30002075,-0.016107082,0.21258035,-0.023606658,-0.11925709,0.024623146,-0.16924286,-0.42144758,0.045251317,-0.3201844,-0.44839507,-0.145612,-0.13542295,0.045095872,-0.18838918,-0.17768574,0.19507754,-0.48819488,-0.5241871,-0.25023872,-0.12906253,-0.5753048,-0.11043912,-0.19387382,-0.28042525,-0.49786133,-0.5198643,-0.33993453,-0.48756933,-0.3547758,-0.5287721,-0.32159042,-0.3631209,-0.5663645,-0.08906567,-0.4451241,-0.37371516,0.19563927,-0.1619857,-0.48520166,-0.27506697,-0.22959638,0.15715827,-0.5732323,-0.30521333,-0.58061045,-0.24895197,-0.1268276,-0.48639458,-0.40114003,-0.23403347,-0.12600327,-0.21178788,-0.17289948,-0.58087605,-0.63130003,-0.4548443,-0.46855366,-0.04807526,0.142305,-0.32322365,-0.5528046,-0.20790386,0.0962549,-0.41297424,-0.014814377,-0.5412363,-0.34840173,-0.47974747,-0.33976364,0.07678771,0.25616926,-0.25865144,-0.07927376,-0.34019458,0.25621337,-0.42044008,-0.13165742,-0.23620695,-0.37874758,0.38327605,-0.5325719,-0.6476789,-0.1275388,-0.5659339,0.060270846,-0.20804143,0.13103291,0.41331294,-0.08907378,-0.27592885,-0.08905941,0.44063398,-0.14230275,0.18065216,-0.4344828,-0.13715011,0.13957557,0.42208588,-0.671058,-0.3277673,-0.5600191,-0.24322432,0.14525685,-0.07246268,-0.53481823,-0.3331071,-0.4742908,-0.3088345,-0.075609505
-0.18388331,-0.16633362,-0.16886783,-0.48506266,-0.21103948,-0.257164,-0.5220057,-0.34733897,0.04168688,-0.4533286,-0.14382589,-0.040599406,-0.17799145,-0.4178285,-0.4761685,-0.23797101,-0.3334883,-0.47226048,-0.32693428,0.0061042886,0.07209932,-0.09428483,-0.04671657,-0.060317516,-0.09001362,-0.35961133,-0.21746725,-0.24651575,-0.35756314,-0.14069736,0.041520063,-0.2967763,-0.15912235,-0.16028893,0.30763614,-0.5217359,-0.5553844,-0.2414462,-0.08332658,-0.5322322,-0.14395297,-0.19666874,-0.39484394,-0.47478974,-0.1217913,-0.27874607,-0.52581406,-0.14719045,-0.53363585,0.0067679253,-0.26373577,-0.5721854,0.003172217,-0.46627128,-0.31179786,0.016877515,-0.15583897,-0.45554054,-0.29034603,-0.12079531,0.3769335,-0.5459306,-0.23696661,-0.56389636,-0.18009639,-0.08524954,-0.43307453,-0.4067021,-0.1338396,-0.09794086,-0.12043065,0.05050386,-0.5204742,-0.57886815,-0.42919755,-0.23612475,-0.22554141,-0.18869084,-0.28924775,-0.5664664,-0.24448955,-0.1192776,-0.27357084,-0.036568463,-0.42399055,-0.3056621,-0.2479409,-0.20543337,-0.1712215,0.16146915,-0.1351713,-0.029806674,-0.32475418,0.19383097,-0.43589467,-0.22817391,-0.0026874542,-0.4159264,0.218438,-0.52322733,-0.63192075,0.012337292,-0.47663283,0.30885985,-0.16233462,0.35127422,0.23534428,-0.15438497,-0.2694342,0.10234326,0.044938993,-0.21361452,0.037917763,-0.13772619,0.043860666,-0.14115393,0.1954014,-0.64948213,-0.16338497,-0.5321028,-0.16585308,0.42845795,-0.07232171,-0.43501467,-0.15926117,-0.29431093,-0.28695607,-0.13349229
-0.16450799,-0.33806664,0.1108865,-0.29172575,-0.30303812,-0.41160476,-0.51187944,-0.38198984,-0.23424381,-0.40375757,-0.24359691,0.031316295,-0.2914185,-0.36428618,-0.47539783,-0.4487574,-0.22717768,-0.48346478,-0.41620874,0.009450527,-0.2141329,-0.14452487,0.0058893356,-0.014958024,0.067844376,-0.25195336,-0.43230557,-0.08454877,-0.193075,-0.093280315,0.30798796,-0.46409404,-0.09107572,-0.09253436,0.12846647,-0.51280034,-0.5527762,-0.1337924,-0.06344652,-0.39052695,-0.12234861,-0.15381843,-0.4908147,-0.36456358,0.38528213,-0.21002764,-0.5345357,-0.034985244,-0.49101275,0.38517222,-0.17129701,-0.50081044,-0.09759569,-0.44147813,-0.23434073,-0.2523498,-0.17945594,-0.33367068,-0.2183888,-0.07560313,0.42755708,-0.44233054,-0.16226459,-0.53130776,-0.056512713,-0.040524542,-0.30362886,-0.33147848,-0.14068538,-0.0878796,-0.1430142,0.3142389,-0.4097666,-0.4673093,-0.36582476,-0.07705718,-0.29251713,-0.37759584,-0.22925669,-0.51134765,-0.3178203,-0.19701338,-0.13690114,-0.022719324,-0.2541728,-0.23635662,-0.046626925,-0.12414688,-0.2563244,-0.0659464,-0.06188482,0.038124815,-0.2730965,-0.022869945,-0.4065494,-0.4307518,0.3502928,-0.4108842,-0.033173442,-0.4634092,-0.528435,0.16325676,-0.4108402,0.39023283,-0.13028526,0.32438394,0.007820496,-0.198771,-0.25894904,0.10858603,-0.25092494,-0.24933219,-0.09513098,0.3713783,0.07272971,-0.3074698,-0.1040535,-0.5838946,0.02868985,-0.40275598,-0.016890168,0.48455578,-0.08974767,-0.18337512,0.01140612,-0.062875986,-0.31556326,-0.23242444
-0.15645349,-0.3495487,0.121713266,-0.2691784,-0.29308456,-0.4142869,-0.5087098,-0.38477957,-0.27800006,-0.39633965,-0.2546268,0.053403668,-0.293917,-0.36916554,-0.471779,-0.46532333,-0.18884563,-0.48437154,-0.43065244,0.018374506,-0.25527567,-0.14101171,0.01718328,-0.009543896,0.08901533,-0.24273348,-0.45035696,-0.077185094,-0.18138725,-0.052135468,0.3610274,-0.47051167,-0.06676084,-0.081869245,0.09822588,-0.5074794,-0.5610733,-0.12073922,-0.05375737,-0.36886,-0.121124685,-0.1548934,-0.49439466,-0.35504347,0.42959467,-0.20138228,-0.53446007,-0.027737081,-0.4846403,0.42569342,-0.17225671,-0.49162942,-0.092912674,-0.43348902,-0.23244888,-0.27397025,-0.18519777,-0.32040334,-0.22102535,-0.061358392,0.42717358,-0.4338624,-0.15853667,-0.53791773,-0.049191475,-0.03735137,-0.28709733,-0.32783508,-0.15262973,-0.08468199,-0.15589893,0.3391628,-0.40376985,-0.457542,-0.3650924,-0.07748222,-0.28837496,-0.37898034,-0.22466177,-0.50164175,-0.31720066,-0.20312732,-0.10885745,-0.030747712,-0.24868345,-0.23260748,-0.036837816,-0.12003654,-0.25664705,-0.10868889,-0.044929624,0.05287437,-0.26320243,-0.026765168,-0.40320265,-0.45888114,0.39725867,-0.41672492,-0.082159996,-0.46378702,-0.5211561,0.18290377,-0.41363883,0.40746486,-0.11360961,0.31275252,-0.017019272,-0.20120358,-0.25965863,0.06854226,-0.26728588,-0.24913293,-0.116739035,0.43868345,0.07058819,-0.3122087,-0.10724795,-0.5924499,0.05167259,-0.39491767,-0.0017790794,0.47808808,-0.08624822,-0.13385952,0.044669256,-0.012869,-0.3234061,-0.24787849
