-0.051586032,-0.3436162,-0.68346,-0.13935232,-0.5169624,-0.19367701,-0.7102983,-0.07947552,-0.29264677,-0.5423739,0.03449237,-0.5216025,0.09238532,-0.60791993,0.43979833,-0.618684,-0.08549988,-0.5217801,-0.27036864,-0.3251559,-0.17575741,-0.18649238,-0.4400028,-0.6651858,-0.31682754,-0.10862523,-0.33433664,-0.11900997,-0.45561057,-0.26325005,-0.2790324,0.10531222,-0.06411457,-0.22606725,0.17376363,-0.69570124,-0.09762347,-0.38742578,-0.18635994,-0.14030027,-0.40419525,-0.5451777,0.096521564,-0.16632181,-0.5843358,-0.23422652,-0.095297396,-0.38163322,0.6009465,-0.13434458,-0.52374995,-0.3194223,-0.60601085,-0.33074886,-0.23406446,-0.1651504,-0.10678744,-0.39519656,-0.6231071,-0.21592218,-0.19883806,-0.06943464,-0.10769427,-0.46272796,-0.052797437,-0.6095357,-0.3508196,-0.5875889,-0.2960677,-0.19645613,-0.25448817,-0.37079597,-0.49011964,-0.100302935,-0.029793084,-0.11731213,-0.04639417,0.7187778,-0.291655,-0.50798625,-0.16894072,-0.15819722,-0.6983524,-0.48591602,-0.31841713,-0.3932864,-0.15772533,-0.12004882,0.27741,0.545691,-0.65004814,-0.12086624,-0.4311291,-0.16753048,-0.36093992,-0.3559245,-0.35164696,-0.08402395,-0.17247891,-0.32949072,-0.542363,-0.3493623,0.68522674,-0.078587234,-0.4849928,-0.5153526,-0.07737064,-0.40305775,-0.047423005,-0.32394648,0.09011834,-0.1646043,-0.4780566,0.02755294,-0.41112244,-0.40641922,-0.13055295,-0.14518309,-0.6360664,-0.0870105,-0.17779726,-0.16554743,-0.19329935,-0.20598656,-0.32329202,-0.12688965,-0.16548306,-0.60006595
-0.060245156,-0.33516556,-0.66301703,-0.11918008,-0.51743567,-0.1691153,-0.68924224,-0.072963834,-0.31427282,-0.5443388,0.0023917286,-0.47667116,0.03433683,-0.58059466,0.36055008,-0.5704324,-0.08398473,-0.51742566,-0.24944037,-0.34450907,-0.17178124,-0.19491112,-0.44623452,-0.6403732,-0.33700734,-0.15662217,-0.29975557,-0.08187556,-0.43440527,-0.29725176,-0.26767093,0.052740157,-0.06939322,-0.25150025,0.09875533,-0.67086315,-0.11599916,-0.3686487,-0.15811557,-0.14183956,-0.3956306,-0.4965793,0.06634202,-0.18635982,-0.58785915,-0.23307848,-0.09534615,-0.37934512,0.51718974,-0.10325152,-0.5124483,-0.29445815,-0.5637567,-0.31896687,-0.27716023,-0.13837117,-0.094293475,-0.3725617,-0.579147,-0.23642808,-0.17291349,-0.056990623,-0.1289978,-0.41296852,-0.07035184,-0.58286893,-0.31606376,-0.5812049,-0.29450697,-0.20647532,-0.24800909,-0.34534156,-0.46508682,-0.046464622,-0.058413506,-0.10450995,-0.06557077,0.7079765,-0.27190298,-0.5085611,-0.23719281,-0.16887051,-0.6696128,-0.48684734,-0.31787103,-0.36343324,-0.13732189,-0.09482318,0.30573624,0.49805912,-0.6273974,-0.11376834,-0.38297367,-0.1611979,-0.369487,-0.3350578,-0.32895344,-0.09326488,-0.13827115,-0.34373504,-0.5327986,-0.34332412,0.6250897,-0.102241635,-0.46283382,-0.5016012,-0.048208952,-0.42426968,-0.0038885474,-0.3039477,0.11080857,-0.14320815,-0.4396478,0.027211107,-0.38559324,-0.39491588,-0.12449813,-0.16231412,-0.6112472,-0.10276008,-0.17599773,-0.15553021,-0.18218315,-0.19245654,-0.33658218,-0.08834857,-0.16142333,-0.58796906
-0.0748781,-0.32051742,-0.6236174,-0.08208233,-0.5181625,-0.12366176,-0.64806044,-0.061526477,-0.35078782,-0.54761696,-0.052681625,-0.38637745,-0.06572884,-0.5273104,0.22076179,-0.4694087,-0.08152759,-0.509537,-0.21090746,-0.37746632,-0.16464907,-0.20954096,-0.45663434,-0.59197575,-0.37158376,-0.23528391,-0.2342456,-0.012982488,-0.39484584,-0.3534711,-0.24727333,-0.038532794,-0.07892519,-0.29466587,-0.03278774,-0.6218915,-0.1477012,-0.33446503,-0.10571736,-0.1447779,-0.38066334,-0.39747632,0.0130399205,-0.22078824,-0.59415543,-0.23128974,-0.095623255,-0.37518185,0.36963633,-0.045663476,-0.49198812,-0.24798828,-0.47787523,-0.2974537,-0.3474508,-0.088706315,-0.07142627,-0.33013374,-0.48830616,-0.27138758,-0.12501985,-0.034509003,-0.16540319,-0.31336033,-0.100750804,-0.5312364,-0.24978125,-0.56994,-0.29173434,-0.22407466,-0.23628318,-0.2978595,-0.41743857,0.055916186,-0.10677993,-0.081397355,-0.09899032,0.6886199,-0.23571718,-0.50939476,-0.34441894,-0.18763435,-0.6119776,-0.48849136,-0.3168133,-0.30691224,-0.10008687,-0.04865539,0.35542324,0.41372326,-0.5837319,-0.100972,-0.28784657,-0.15053463,-0.38429904,-0.29639542,-0.28708923,-0.10905033,-0.074172676,-0.36797613,-0.51524687,-0.3327363,0.518672,-0.14223647,-0.42133474,-0.47624213,0.005684158,-0.45990008,0.074942395,-0.26699692,0.14750673,-0.103625655,-0.36461937,0.026767697,-0.33731723,-0.37405646,-0.113520384,-0.19178861,-0.5632168,-0.12987453,-0.17322862,-0.13760912,-0.16199821,-0.16828161,-0.3594151,-0.01605153,-0.15479624,-0.56568253
-0.10349423,-0.29014117,-0.5307971,-0.0037311316,-0.5196732,-0.025707543,-0.54921484,-0.03816837,-0.41751885,-0.55415183,-0.15389943,-0.15726262,-0.23813325,-0.40027177,-0.05606866,-0.19168884,-0.076464295,-0.49349105,-0.12810928,-0.4384035,-0.15018731,-0.23800951,-0.47678196,-0.47523987,-0.43521023,-0.37094116,-0.084578276,0.13132308,-0.30760384,-0.4525444,-0.20497757,-0.19975519,-0.097973645,-0.37342924,-0.256509,-0.5017401,-0.20747024,-0.26105577,0.008523766,-0.15043247,-0.34954536,-0.13807565,-0.08924705,-0.28510565,-0.6066917,-0.22745484,-0.09659815,-0.36704206,0.07523115,0.077199824,-0.44874442,-0.1456635,-0.25318223,-0.25244123,-0.467727,0.019064412,-0.024181426,-0.23701245,-0.2449345,-0.33654803,-0.02098012,0.011579241,-0.23337036,-0.061418712,-0.15815282,-0.40856022,-0.098202825,-0.546715,-0.28631383,-0.25800073,-0.21211159,-0.19319856,-0.30943018,0.26200843,-0.19597441,-0.033491194,-0.16215456,0.6504571,-0.1579175,-0.5111338,-0.51524186,-0.22360218,-0.46559346,-0.49191886,-0.3147207,-0.17889822,-0.021188617,0.049654473,0.45432055,0.24602637,-0.48099208,-0.07496762,-0.05221218,-0.1289739,-0.41274977,-0.21244687,-0.19619441,-0.13991332,0.0656727,-0.41349405,-0.47829485,-0.31060022,0.30681607,-0.21670222,-0.328753,-0.42204463,0.11524036,-0.52454364,0.23184347,-0.18739653,0.22029126,-0.019143522,-0.18404555,0.025162682,-0.22958416,-0.3302318,-0.09136355,-0.24738461,-0.44931257,-0.18162018,-0.16759604,-0.10093933,-0.12041122,-0.1185385,-0.40243983,0.13611025,-0.14162564,-0.51755226
-0.0748781,-0.32051742,-0.6236174,-0.08208233,-0.5181625,-0.12366176,-0.64806044,-0.061526477,-0.35078782,-0.54761696,-0.052681625,-0.38637745,-0.06572884,-0.5273104,0.22076179,-0.4694087,-0.08152759,-0.509537,-0.21090746,-0.37746632,-0.16464907,-0.20954096,-0.45663434,-0.59197575,-0.37158376,-0.23528391,-0.2342456,-0.012982488,-0.39484584,-0.3534711,-0.24727333,-0.038532794,-0.07892519,-0.29466587,-0.03278774,-0.6218915,-0.1477012,-0.33446503,-0.10571736,-0.1447779,-0.38066334,-0.39747632,0.0130399205,-0.22078824,-0.59415543,-0.23128974,-0.095623255,-0.37518185,0.36963633,-0.045663476,-0.49198812,-0.24798828,-0.47787523,-0.2974537,-0.3474508,-0.088706315,-0.07142627,-0.33013374,-0.48830616,-0.27138758,-0.12501985,-0.034509003,-0.16540319,-0.31336033,-0.100750804,-0.5312364,-0.24978125,-0.56994,-0.29173434,-0.22407466,-0.23628318,-0.2978595,-0.41743857,0.055916186,-0.10677993,-0.081397355,-0.09899032,0.6886199,-0.23571718,-0.50939476,-0.34441894,-0.18763435,-0.6119776,-0.48849136,-0.3168133,-0.30691224,-0.10008687,-0.04865539,0.35542324,0.41372326,-0.5837319,-0.100972,-0.28784657,-0.15053463,-0.38429904,-0.29639542,-0.28708923,-0.10905033,-0.074172676,-0.36797613,-0.51524687,-0.3327363,0.518672,-0.14223647,-0.42133474,-0.47624213,0.005684158,-0.45990008,0.074942395,-0.26699692,0.14750673,-0.103625655,-0.36461937,0.026767697,-0.33731723,-0.37405646,-0.113520384,-0.19178861,-0.5632168,-0.12987453,-0.17322862,-0.13760912,-0.16199821,-0.16828161,-0.3594151,-0.01605153,-0.15479624,-0.56568253
-0.060245156,-0.33516556,-0.66301703,-0.11918008,-0.51743567,-0.1691153,-0.68924224,-0.072963834,-0.31427282,-0.5443388,0.0023917286,-0.47667116,0.03433683,-0.58059466,0.36055008,-0.5704324,-0.08398473,-0.51742566,-0.24944037,-0.34450907,-0.17178124,-0.19491112,-0.44623452,-0.6403732,-0.33700734,-0.15662217,-0.29975557,-0.08187556,-0.43440527,-0.29725176,-0.26767093,0.052740157,-0.06939322,-0.25150025,0.09875533,-0.67086315,-0.11599916,-0.3686487,-0.15811557,-0.14183956,-0.3956306,-0.4965793,0.06634202,-0.18635982,-0.58785915,-0.23307848,-0.09534615,-0.37934512,0.51718974,-0.10325152,-0.5124483,-0.29445815,-0.5637567,-0.31896687,-0.27716023,-0.13837117,-0.094293475,-0.3725617,-0.579147,-0.23642808,-0.17291349,-0.056990623,-0.1289978,-0.41296852,-0.07035184,-0.58286893,-0.31606376,-0.5812049,-0.29450697,-0.20647532,-0.24800909,-0.34534156,-0.46508682,-0.046464622,-0.058413506,-0.10450995,-0.06557077,0.7079765,-0.27190298,-0.5085611,-0.23719281,-0.16887051,-0.6696128,-0.48684734,-0.31787103,-0.36343324,-0.13732189,-0.09482318,0.30573624,0.49805912,-0.6273974,-0.11376834,-0.38297367,-0.1611979,-0.369487,-0.3350578,-0.32895344,-0.09326488,-0.13827115,-0.34373504,-0.5327986,-0.34332412,0.6250897,-0.102241635,-0.46283382,-0.5016012,-0.048208952,-0.42426968,-0.0038885474,-0.3039477,0.11080857,-0.14320815,-0.4396478,0.027211107,-0.38559324,-0.39491588,-0.12449813,-0.16231412,-0.6112472,-0.10276008,-0.17599773,-0.15553021,-0.18218315,-0.19245654,-0.33658218,-0.08834857,-0.16142333,-0.58796906
-0.18616158,-0.27100384,-0.39884257,0.05162014,-0.5035094,0.094666004,-0.41308808,-0.058937073,-0.4853717,-0.5337659,-0.24145561,0.15167709,-0.31170845,-0.22756499,-0.28660786,0.16065839,-0.07051468,-0.45956594,-0.056016088,-0.45860904,-0.1329732,-0.2411651,-0.46647662,-0.30894333,-0.4847105,-0.46118551,0.0637374,0.18788555,-0.20929843,-0.5145067,-0.15347522,-0.32465136,-0.19737971,-0.4498257,-0.42202318,-0.3407784,-0.24673408,-0.2146846,0.087911844,-0.13499188,-0.3402003,0.1590676,-0.2012912,-0.3756855,-0.592945,-0.24814928,-0.17347449,-0.3636183,-0.17883539,0.14092375,-0.38541758,-0.017019033,0.0024419874,-0.1605233,-0.5301766,0.09030762,0.056232356,-0.10592604,0.054085426,-0.39240777,0.035751395,0.028961254,-0.22674471,0.26045284,-0.22686231,-0.29642963,0.05296418,-0.50037056,-0.2692995,-0.27883768,-0.17897338,-0.09913933,-0.15228552,0.47696078,-0.22196555,0.010580651,-0.24740952,0.6106165,-0.06915742,-0.507458,-0.62029487,-0.27738345,-0.30236363,-0.48383892,-0.29058462,0.0015370026,0.041532256,0.103711575,0.46818388,0.052294187,-0.38644004,-0.055942476,0.16515923,-0.20550674,-0.4012357,-0.13164848,-0.15198934,-0.11489302,0.14010492,-0.42623073,-0.39918715,-0.28870988,0.07586767,-0.27313024,-0.17597902,-0.34313846,0.1474567,-0.54474545,0.2892213,-0.114197254,0.21333109,0.14134675,-0.002564609,0.020346388,-0.07448447,-0.28129208,-0.0731982,-0.321014,-0.33908486,-0.25040495,-0.22788644,-0.05477053,-0.09474367,-0.15183383,-0.449234,0.22607104,-0.232957,-0.42619264
-0.13251293,-0.25696892,-0.39871776,0.08880764,-0.5210459,0.093665615,-0.4042406,-0.011676073,-0.48249352,-0.56072074,-0.25521922,0.18926015,-0.39358622,-0.21479565,-0.30837733,0.2646925,-0.07142973,-0.47450697,-0.024019063,-0.5008449,-0.13298136,-0.26908076,-0.49607486,-0.30398202,-0.50087464,-0.49564248,0.11333988,0.29091698,-0.19424534,-0.545983,-0.15574133,-0.3459543,-0.12211788,-0.45281762,-0.444874,-0.32183903,-0.27016526,-0.1737361,0.14386089,-0.15731359,-0.31497735,0.25544238,-0.1930654,-0.35203356,-0.6224144,-0.22339278,-0.100862324,-0.35831672,-0.22485757,0.21535261,-0.3976168,-0.011012971,0.1075138,-0.19664961,-0.5763382,0.14778623,0.03340477,-0.11504096,0.15753537,-0.4038396,0.10602482,0.06340837,-0.30272192,0.29036713,-0.21814686,-0.2324825,0.10409823,-0.5215653,-0.28080237,-0.29552943,-0.18189508,-0.059819102,-0.16052568,0.4978253,-0.285277,0.023581777,-0.23073953,0.60788774,-0.060281754,-0.5123991,-0.65485066,-0.2626686,-0.23549664,-0.49656105,-0.31193393,-0.0055834055,0.07203548,0.16225824,0.5627225,0.058239087,-0.33576393,-0.044359684,0.26693863,-0.108706355,-0.44294232,-0.104735434,-0.08426845,-0.17255962,0.22604841,-0.45910186,-0.43234777,-0.2836938,0.06875622,-0.2910825,-0.2065844,-0.35500586,0.23795202,-0.5882337,0.40645888,-0.08632821,0.30131823,0.08515884,0.07760504,0.020920828,-0.08426136,-0.27696973,-0.065309405,-0.30517906,-0.28724235,-0.23642558,-0.16340011,-0.059275568,-0.070765555,-0.064226985,-0.44658142,0.30823365,-0.13123941,-0.45669293
-0.3199494,-0.27752495,-0.28255224,0.024558427,-0.45073557,0.16384248,-0.32125401,-0.14995319,-0.50930905,-0.4583177,-0.27489018,0.302467,-0.18426502,-0.13307357,-0.36323333,0.19126472,-0.06817418,-0.39355165,-0.07369506,-0.38496673,-0.12991178,-0.2034446,-0.37995964,-0.19751978,-0.46789545,-0.44190508,0.050173853,0.025686316,-0.17847455,-0.47396535,-0.15278685,-0.34864658,-0.36737287,-0.47563183,-0.45737153,-0.24801189,-0.24406356,-0.2625206,0.04048408,-0.11735314,-0.36269456,0.16228136,-0.28081262,-0.4448865,-0.5181794,-0.3018245,-0.32821894,-0.3720582,-0.22984278,0.042784214,-0.2945121,0.059008166,-0.04171866,-0.037139058,-0.4733104,0.031243797,0.17136003,0.001992398,0.057309784,-0.4005317,-0.050802052,-0.018624485,-0.045888186,0.41463017,-0.280617,-0.32465982,0.044486366,-0.4139734,-0.2540382,-0.27213,-0.1626358,-0.12743151,-0.035064578,0.56892294,-0.12923509,0.005649872,-0.32345444,0.5915239,-0.058854997,-0.48284113,-0.60729694,-0.33660674,-0.30082762,-0.43940073,-0.2328639,0.13442943,0.03670327,0.02716161,0.2872882,-0.08313364,-0.4106151,-0.07553446,0.09373079,-0.38638204,-0.31160003,-0.13183868,-0.26348555,0.019486882,0.02320797,-0.359519,-0.2876485,-0.27760857,-0.0618515,-0.28677648,0.008093137,-0.27676463,0.017792534,-0.46907294,0.105283186,-0.123040736,0.05107825,0.34829763,-0.041860223,-0.0018238425,0.05807458,-0.2552606,-0.07874864,-0.38515836,-0.35153407,-0.30138034,-0.35400033,-0.026042044,-0.12714958,-0.30253142,-0.46938735,0.12985203,-0.4266796,-0.30137026
-0.25454336,-0.29326636,-0.4112,-0.009799182,-0.47717476,0.08548978,-0.4390797,-0.124084055,-0.48380518,-0.49205393,-0.213399,0.06806654,-0.15917766,-0.26267326,-0.23420137,-0.02777797,-0.06912595,-0.43932688,-0.108519614,-0.38650537,-0.13450152,-0.19695789,-0.41898704,-0.33183843,-0.45523256,-0.39646643,-0.024028182,0.026967667,-0.24020177,-0.45721322,-0.15510714,-0.28072053,-0.292549,-0.43912214,-0.37198108,-0.38371867,-0.20641291,-0.27689987,-0.003405869,-0.101442456,-0.3773294,-0.013024271,-0.20499808,-0.4028474,-0.5459225,-0.2818334,-0.26718593,-0.37204307,-0.08315277,0.022959884,-0.37235653,-0.03723222,-0.16629457,-0.11129671,-0.4447968,-0.0024110675,0.08378365,-0.10420889,-0.123140275,-0.37023193,-0.072444975,-0.02436155,-0.096173406,0.18771093,-0.23399168,-0.3921883,-0.037457526,-0.47149235,-0.2533043,-0.2507848,-0.17733198,-0.16425622,-0.15409446,0.42669526,-0.11277878,-0.012672782,-0.26523715,0.61838233,-0.09014553,-0.500394,-0.55198777,-0.29445297,-0.40682352,-0.465012,-0.2588848,-0.005441427,-0.010376573,0.011097659,0.32343945,0.06025496,-0.46356004,-0.074374676,-0.007814229,-0.32745218,-0.33316898,-0.17787796,-0.24920976,-0.02236557,0.0033675022,-0.3710606,-0.35321605,-0.29773903,0.106375165,-0.24017334,-0.14298517,-0.3325824,0.007695973,-0.46837753,0.10701639,-0.16155726,0.08067155,0.21282385,-0.13183177,0.018865928,-0.07409054,-0.29204142,-0.08638281,-0.3382988,-0.420125,-0.2652436,-0.31191397,-0.052222252,-0.13217247,-0.26740623,-0.4490984,0.0945861,-0.35862523,-0.38568538
-0.27808803,-0.29774493,-0.433716,-0.0488441,-0.44797897,0.024124902,-0.48956358,-0.15357524,-0.41005468,-0.45532215,-0.18652558,-0.04478711,-0.0108881,-0.3585812,-0.11511177,-0.25576997,-0.078650415,-0.4054051,-0.17681265,-0.32475162,-0.16014785,-0.2002331,-0.33945096,-0.41512108,-0.37465316,-0.30236936,-0.15675336,-0.108219385,-0.3074401,-0.34570587,-0.25460064,-0.18899089,-0.32385373,-0.37554824,-0.24870008,-0.44823688,-0.21091199,-0.3401748,-0.07090163,-0.1671204,-0.36671215,-0.22141534,-0.18030071,-0.34162694,-0.50798285,-0.29355568,-0.29758865,-0.3807984,0.07088604,-0.07383937,-0.3353541,-0.091305256,-0.3808239,-0.14601487,-0.35429966,-0.0762859,0.13044713,-0.15469038,-0.32554048,-0.32650024,-0.14093179,-0.053664327,0.03192556,0.05507638,-0.21594852,-0.46430552,-0.15841532,-0.4446683,-0.28787625,-0.2553268,-0.21078718,-0.26993215,-0.23935276,0.31762683,-0.075775206,-0.0602507,-0.25134432,0.6388892,-0.19867802,-0.4648986,-0.44741666,-0.29730445,-0.50459224,-0.41948825,-0.24605376,-0.078790784,-0.032668352,-0.07056874,0.1886545,0.10726326,-0.5334705,-0.11799848,-0.21230614,-0.36235702,-0.2994172,-0.23941588,-0.3697484,0.032872856,-0.112957716,-0.30463427,-0.3857475,-0.29649204,0.1782388,-0.23410869,-0.16712564,-0.37865597,-0.051036954,-0.41023952,-0.038532138,-0.22380531,0.007621891,0.21603468,-0.28670686,-0.021414816,-0.12397653,-0.30970573,-0.10703665,-0.3172363,-0.49041533,-0.22212535,-0.31918436,-0.08791971,-0.17672336,-0.31026518,-0.404707,-0.02208668,-0.39724165,-0.41002274
-0.26912987,-0.2867263,-0.4129464,-0.026517391,-0.44727695,0.027882658,-0.47303528,-0.13859016,-0.39630425,-0.45924312,-0.20389318,0.0048861206,-0.060411453,-0.3487633,-0.14037025,-0.21273631,-0.080741525,-0.39680207,-0.16615921,-0.3439194,-0.16450155,-0.22152609,-0.33460385,-0.406029,-0.36997724,-0.32073945,-0.14386296,-0.07757187,-0.30120534,-0.3505329,-0.27637446,-0.20169717,-0.30855966,-0.3708828,-0.26252723,-0.42579287,-0.23686141,-0.32833207,-0.042176545,-0.19881779,-0.3445586,-0.18310976,-0.18761939,-0.32067233,-0.51467717,-0.2864222,-0.27921504,-0.37911278,0.030586734,-0.045883656,-0.31647134,-0.07937884,-0.36082304,-0.16239387,-0.3818804,-0.051029503,0.146435,-0.1498174,-0.29105383,-0.33095497,-0.11219853,-0.037463367,0.008061651,0.095807426,-0.21765876,-0.43585724,-0.14007062,-0.43931872,-0.3026018,-0.2729904,-0.21665293,-0.26457566,-0.24071896,0.33848694,-0.12027627,-0.05939448,-0.25125706,0.63593864,-0.21120405,-0.4550935,-0.47020787,-0.2993918,-0.4755314,-0.41140032,-0.2520547,-0.069356084,-0.007485032,-0.049923718,0.21062218,0.08813422,-0.51375115,-0.12161106,-0.1828146,-0.33468544,-0.31862223,-0.22820872,-0.36625803,0.011616408,-0.08492637,-0.31233245,-0.4020818,-0.28879666,0.15098162,-0.2555657,-0.16169882,-0.38397807,-0.004368782,-0.4334672,0.0032969518,-0.21364981,0.041397374,0.21052925,-0.2654333,-0.033356905,-0.11397207,-0.30272037,-0.105380595,-0.31342715,-0.46657705,-0.21146518,-0.29378456,-0.09208089,-0.1712259,-0.28162223,-0.3970489,0.0111920405,-0.37199956,-0.4194758
-0.4635731,-0.26758695,-0.2172383,-0.06602627,-0.33054173,0.10391078,-0.35030323,-0.22620904,-0.42045283,-0.29660308,-0.3331715,0.25607044,0.020487282,-0.23163009,-0.32902247,-0.076975286,-0.059997797,-0.29576784,-0.15635294,-0.26638782,-0.17351395,-0.18720621,-0.26231813,-0.2433669,-0.34960967,-0.31456012,-0.14999652,-0.2678256,-0.20130312,-0.3276658,-0.2353465,-0.2614314,-0.46602148,-0.39603603,-0.352247,-0.22513872,-0.2627262,-0.3126921,-0.027411878,-0.15565228,-0.28976798,-0.07773298,-0.3788908,-0.42655492,-0.3448423,-0.28514874,-0.44436258,-0.3648334,-0.20653868,-0.13589293,-0.13476855,0.02245344,-0.30720645,-0.0015436411,-0.36684114,-0.1147427,0.32243076,-0.0042850375,-0.15949166,-0.36313242,-0.18020064,-0.06438249,0.12095256,0.32749057,-0.24398851,-0.35324103,-0.1355564,-0.28323764,-0.32007903,-0.2563095,-0.19778538,-0.17576665,-0.11357266,0.43996167,-0.10145861,-0.06074202,-0.293527,0.5237076,-0.1646784,-0.42199355,-0.5220555,-0.30473834,-0.353786,-0.31780976,-0.16840869,0.13382658,-0.0014445782,-0.07924402,-0.062186956,-0.19314021,-0.42714494,-0.12947088,-0.19680524,-0.52345276,-0.22987086,-0.24211997,-0.4670139,0.09229497,-0.2032451,-0.183514,-0.23224354,-0.25168103,-0.15977395,-0.2614169,0.096615784,-0.26011926,-0.13214815,-0.3169334,-0.18130851,-0.19752401,-0.19634831,0.4912148,-0.2507195,-0.049434245,0.070343204,-0.2231043,-0.10072887,-0.34867424,-0.36358333,-0.23886591,-0.46193624,-0.06800556,-0.19751704,-0.44610244,-0.4355079,-0.03929776,-0.5507008,-0.22397077
-0.43868613,-0.3000474,-0.19023424,-0.04806131,-0.3834417,0.19219083,-0.2790544,-0.24892485,-0.5153881,-0.34985775,-0.28134578,0.31409243,0.048487622,-0.10211295,-0.3811521,0.02907712,-0.053340733,-0.31558257,-0.13507295,-0.26848704,-0.13525742,-0.15420866,-0.2561236,-0.14989996,-0.41759503,-0.37362635,-0.04606104,-0.19745451,-0.18946522,-0.3814993,-0.18090886,-0.33550334,-0.51192296,-0.47440064,-0.4411745,-0.21506667,-0.22807807,-0.33600634,-0.065995395,-0.10445917,-0.39525533,0.0020994022,-0.33399814,-0.49110532,-0.4052524,-0.35557407,-0.46546364,-0.38170457,-0.21150333,-0.12453467,-0.19882387,0.07709735,-0.21320921,0.07638577,-0.35620075,-0.09130794,0.2811514,0.06553501,-0.099226594,-0.38690466,-0.18374127,-0.091260076,0.1748529,0.42797256,-0.32418436,-0.40648055,-0.04927945,-0.30530018,-0.23941863,-0.2555833,-0.16405338,-0.20085144,0.030607816,0.5525047,0.007956417,-0.026276171,-0.3814531,0.5857947,-0.099944174,-0.44845212,-0.5398724,-0.38328707,-0.38114488,-0.37286747,-0.16715986,0.20335391,-0.009195507,-0.105682135,0.019721977,-0.18339032,-0.4798404,-0.10804325,-0.10663599,-0.5447539,-0.18226677,-0.18500704,-0.40290415,0.16191608,-0.16120309,-0.2527336,-0.16910833,-0.2819872,-0.14728886,-0.28227705,0.16761295,-0.22734523,-0.16245395,-0.33523393,-0.16193491,-0.18379563,-0.16061538,0.5336031,-0.1783936,-0.016973972,0.1383978,-0.250615,-0.09112227,-0.43260872,-0.41958535,-0.33333534,-0.47293556,-0.008862257,-0.180358,-0.45548022,-0.47579807,-0.05353397,-0.5880893,-0.16929144
-0.520382,-0.33196884,-0.16529936,-0.13065827,-0.33037764,0.20347564,-0.28614658,-0.3317204,-0.5340626,-0.24870557,-0.26136988,0.2377007,0.31129673,-0.10534781,-0.3633638,-0.16903001,-0.03855908,-0.268538,-0.19534284,-0.13240921,-0.13329601,-0.08069068,-0.15885806,-0.13978809,-0.38219047,-0.28783333,-0.13563031,-0.36386555,-0.21097457,-0.29292566,-0.16776776,-0.30720156,-0.60868037,-0.47712076,-0.4091376,-0.24170363,-0.17611438,-0.40214497,-0.17783362,-0.042833984,-0.4466527,-0.17819649,-0.36035073,-0.5420806,-0.29173076,-0.40069443,-0.5639927,-0.3912518,-0.14383453,-0.26578343,-0.15767539,0.06651781,-0.35611844,0.18494463,-0.20175397,-0.2068786,0.33649534,0.09855734,-0.2644217,-0.36926198,-0.30534452,-0.16315901,0.3704564,0.36708412,-0.351184,-0.5019306,-0.14586997,-0.22492957,-0.20530683,-0.2155878,-0.1575464,-0.26141798,0.07589713,0.5015723,0.18740928,-0.05205095,-0.41938472,0.5870636,-0.112206936,-0.4367538,-0.44639277,-0.41149545,-0.48351377,-0.33213073,-0.10597026,0.23304066,-0.07965219,-0.21997184,-0.19077629,-0.22584516,-0.5554173,-0.12660986,-0.2780167,-0.6558238,-0.033446312,-0.24145961,-0.4936602,0.2952813,-0.30984288,-0.14830923,-0.035984516,-0.29717654,-0.16854954,-0.24718297,0.26969385,-0.18177313,-0.32483965,-0.1667648,-0.36208725,-0.24312747,-0.32436836,0.67335874,-0.30164856,-0.010321736,0.17520526,-0.26001006,-0.10298753,-0.467956,-0.502208,-0.3669064,-0.5691695,0.008916332,-0.22595823,-0.5723304,-0.4888519,-0.2163307,-0.6949791,-0.038470328
-0.5464658,-0.30462736,-0.17127609,-0.14563191,-0.28089857,0.14290299,-0.32964408,-0.3122034,-0.4789492,-0.19232327,-0.32433927,0.21279605,0.23979647,-0.1836288,-0.3546508,-0.18922961,-0.03372234,-0.2588182,-0.19585407,-0.1498012,-0.1607663,-0.10672879,-0.20029974,-0.18642557,-0.34463435,-0.25762618,-0.19116151,-0.4033847,-0.19139862,-0.27974874,-0.17750692,-0.2695045,-0.5769341,-0.4266821,-0.36512417,-0.21340567,-0.20672208,-0.3623343,-0.13334817,-0.05907446,-0.36120933,-0.18451935,-0.4169594,-0.51308954,-0.22506511,-0.3353294,-0.5514348,-0.37061876,-0.19648737,-0.26435572,-0.10515672,0.032095447,-0.3688078,0.13716856,-0.247073,-0.21924186,0.3657001,0.057216607,-0.24879164,-0.3622648,-0.29571187,-0.13751632,0.26751885,0.3089081,-0.28718406,-0.43608642,-0.18981618,-0.2021681,-0.27006495,-0.20936906,-0.17766136,-0.19599235,-0.022919178,0.4204376,0.07184826,-0.0701651,-0.34773117,0.514198,-0.13264221,-0.42468292,-0.46436805,-0.33780855,-0.42710435,-0.2892633,-0.10567874,0.20014337,-0.074876785,-0.18440396,-0.24185818,-0.2648613,-0.48679787,-0.13100386,-0.30269462,-0.64603615,-0.08969951,-0.2808988,-0.52269053,0.20936625,-0.32833397,-0.09260619,-0.068706036,-0.27235806,-0.21799308,-0.2243697,0.22505708,-0.18302447,-0.30468094,-0.15531671,-0.36241233,-0.24179262,-0.35625798,0.6476938,-0.32083988,-0.021232605,0.13533092,-0.2259754,-0.103702426,-0.40234172,-0.43146694,-0.29884106,-0.57187146,-0.031655252,-0.23042846,-0.5696169,-0.4705202,-0.18697733,-0.67252886,-0.06545347
-0.5226912,-0.25173014,-0.22472239,-0.11090386,-0.27927703,0.08014607,-0.37708867,-0.2274853,-0.4263565,-0.22641665,-0.3985287,0.23897448,-0.03589809,-0.24691153,-0.36446106,-0.03203523,-0.04140061,-0.31480873,-0.13755447,-0.26995695,-0.17971998,-0.16109347,-0.35338122,-0.2203353,-0.3704015,-0.30367613,-0.1638745,-0.33256024,-0.1318264,-0.37447852,-0.12647992,-0.25689018,-0.4520138,-0.3885463,-0.36042804,-0.16615558,-0.24226516,-0.24855423,0.013648644,-0.049900472,-0.22537857,-0.023940802,-0.46352184,-0.47322714,-0.2582202,-0.20753282,-0.46475476,-0.33845347,-0.30022407,-0.14775872,-0.12514865,0.012076624,-0.22898489,0.040565223,-0.40580732,-0.14601141,0.3231092,0.0007320186,-0.06328654,-0.37979484,-0.19512635,-0.050278068,-0.0018799305,0.29788,-0.17416352,-0.26639134,-0.15048754,-0.26989108,-0.33842158,-0.20431936,-0.18303794,-0.013088286,-0.12373376,0.39255545,-0.14257061,-0.05352235,-0.21511054,0.41843092,-0.08033556,-0.44884747,-0.56598735,-0.20136827,-0.2576303,-0.30846804,-0.14730877,0.1542376,-0.033547997,-0.030284047,-0.13385427,-0.26490265,-0.3123682,-0.10051024,-0.17703521,-0.56125784,-0.2443561,-0.2739895,-0.46648443,0.023512028,-0.23524022,-0.13314438,-0.15923601,-0.23392421,-0.24490422,-0.19414085,0.09530181,-0.19386661,-0.17637622,-0.27110028,-0.20563048,-0.17669392,-0.28813124,0.51856536,-0.22718859,-0.018686056,0.06973751,-0.17570567,-0.09412676,-0.28689253,-0.25514495,-0.2042408,-0.52468956,-0.077531755,-0.19204819,-0.4908771,-0.46067715,-0.0061928034,-0.5606575,-0.16269243
-0.5469463,-0.21685725,-0.24258155,-0.12215757,-0.2341271,0.026998572,-0.41471136,-0.1965136,-0.37708437,-0.1817522,-0.45698267,0.23235646,-0.13463968,-0.30183148,-0.36848885,0.007735338,-0.039165795,-0.32675236,-0.11934626,-0.29964453,-0.19980317,-0.17677534,-0.41937536,-0.24408,-0.36142886,-0.2924345,-0.19136369,-0.35697907,-0.08654773,-0.39813823,-0.08744925,-0.22727615,-0.39093614,-0.34606302,-0.33341306,-0.12326634,-0.25773877,-0.17602777,0.08883399,-0.024397552,-0.10563254,0.027161412,-0.5190031,-0.45903683,-0.20195258,-0.10442692,-0.44163102,-0.31240445,-0.36220002,-0.12057346,-0.09706724,-0.011069477,-0.18270308,0.0077228397,-0.4608006,-0.14309698,0.3310583,-0.030614018,0.022214286,-0.38416898,-0.16879809,-0.009220958,-0.12835687,0.2612821,-0.077893555,-0.14266026,-0.16979885,-0.27014655,-0.38735378,-0.18344373,-0.18971896,0.12459054,-0.19101751,0.33566543,-0.23991966,-0.057207525,-0.103420556,0.3285146,-0.053637147,-0.4552728,-0.60262954,-0.07857132,-0.13931358,-0.2876687,-0.1490978,0.13337123,-0.028932631,0.047431823,-0.15560651,-0.2990868,-0.16954702,-0.08857161,-0.15830815,-0.5443204,-0.30029202,-0.2998159,-0.47202754,-0.07241237,-0.23313153,-0.09521866,-0.17193836,-0.20302331,-0.29206878,-0.15233105,0.043734066,-0.17866963,-0.14362037,-0.27516872,-0.1734879,-0.15226054,-0.31317025,0.48690975,-0.21138358,-0.019004524,0.035307854,-0.12860698,-0.09180677,-0.1902098,-0.11480886,-0.12486225,-0.5318693,-0.11149722,-0.1850304,-0.48229456,-0.45447856,0.06901059,-0.5165375,-0.17725897
-0.38127226,-0.29470104,-0.25190932,-0.010945082,-0.43109345,0.20327765,-0.29204845,-0.2012974,-0.5453769,-0.42167324,-0.2733565,0.32545412,-0.083030164,-0.08090907,-0.38855273,0.18100289,-0.06167978,-0.37822515,-0.083126664,-0.33371586,-0.11755365,-0.15543151,-0.35625845,-0.13712263,-0.4778211,-0.427661,0.05030549,-0.06654,-0.15971828,-0.46705586,-0.09911722,-0.36017346,-0.44576514,-0.50140715,-0.4775021,-0.22550488,-0.20874113,-0.2883001,-0.00833106,-0.05003351,-0.40228486,0.143312,-0.3102765,-0.5037178,-0.47675568,-0.33235878,-0.40557396,-0.37655467,-0.23344189,-0.02384764,-0.28225476,0.08906519,-0.049871266,0.058463015,-0.4276569,-0.017041147,0.1950117,0.05795623,0.04086031,-0.40545666,-0.115353405,-0.05660385,0.058354016,0.45701724,-0.30568004,-0.366924,0.037850708,-0.38193434,-0.21842384,-0.24567848,-0.1392752,-0.12720406,0.04530469,0.6036763,-0.027122915,0.011492275,-0.3584816,0.58416194,-0.01129961,-0.48942125,-0.5932125,-0.3606004,-0.3290614,-0.43689716,-0.19855624,0.19639148,0.0055394834,-0.021458149,0.19848424,-0.12642992,-0.4384672,-0.07243371,0.054758973,-0.47988385,-0.24497914,-0.1359545,-0.29379004,0.10329989,-0.049201608,-0.3285554,-0.19471896,-0.2831871,-0.100753844,-0.26674926,0.09878161,-0.2248264,-0.08918351,-0.40995675,-0.0087124705,-0.1292997,-0.053212345,0.45018125,-0.06266463,0.012546332,0.11569715,-0.24869311,-0.0801518,-0.420632,-0.38099325,-0.34282124,-0.4308871,0.0014678073,-0.14126623,-0.38902658,-0.49417275,0.061900258,-0.52038723,-0.21320355
-0.26787364,-0.27936393,-0.34203905,0.030377595,-0.476835,0.13951443,-0.3644306,-0.115749896,-0.51084596,-0.49380606,-0.25626493,0.22765458,-0.23667043,-0.16831642,-0.33324558,0.18172437,-0.067093134,-0.42914313,-0.063387215,-0.41549808,-0.12651825,-0.21017015,-0.4273165,-0.24178404,-0.48374522,-0.45181257,0.06430162,0.093987726,-0.18713874,-0.4995954,-0.13156879,-0.3420055,-0.30376607,-0.47205907,-0.44836456,-0.29266757,-0.23431414,-0.24102539,0.054943457,-0.103509605,-0.3638304,0.16417757,-0.24743885,-0.42941046,-0.5520875,-0.2815767,-0.27100736,-0.36826354,-0.20713425,0.081590794,-0.34614098,0.027450534,-0.0065508485,-0.08015877,-0.4964925,0.05265512,0.110690966,-0.042037725,0.06127522,-0.39905912,-0.021082044,-0.0028725863,-0.12995958,0.3449624,-0.25966084,-0.3194229,0.053059243,-0.4569134,-0.24997681,-0.267424,-0.16317242,-0.1059767,-0.07614112,0.5319098,-0.15517801,0.012450188,-0.29363763,0.599197,-0.044588506,-0.50060266,-0.61373067,-0.3115133,-0.3056606,-0.4666078,-0.25673652,0.08131434,0.03038412,0.058691327,0.36795557,-0.024372876,-0.4026788,-0.061504483,0.13190272,-0.32363266,-0.34635597,-0.13011622,-0.20632303,-0.036301672,0.071595706,-0.39212972,-0.32647562,-0.28608733,-0.00025874376,-0.27234823,-0.07432145,-0.29779077,0.05918044,-0.4991039,0.18037428,-0.11692643,0.11364392,0.26209491,-0.018010318,0.01767829,0.0013237055,-0.26751375,-0.075134516,-0.36239684,-0.35062933,-0.28854513,-0.31243378,-0.03241521,-0.11137259,-0.24990469,-0.46802235,0.1678559,-0.35853606,-0.35070294
-0.14669669,-0.29340714,-0.5094942,-0.012510359,-0.50807405,-0.0039758086,-0.5310074,-0.06506473,-0.43171746,-0.5370029,-0.16286081,-0.123610556,-0.20296174,-0.3776462,-0.088228285,-0.17949665,-0.074863136,-0.4803579,-0.13022006,-0.41900474,-0.14708412,-0.22421616,-0.45972592,-0.4506411,-0.43550426,-0.36766106,-0.08216572,0.09000191,-0.2975952,-0.44598907,-0.19493365,-0.2112487,-0.15561754,-0.3862226,-0.27478236,-0.4835919,-0.20211154,-0.27190393,-0.005262077,-0.13636088,-0.35991907,-0.13208795,-0.11515188,-0.3151397,-0.58925724,-0.24343562,-0.1478281,-0.369191,0.055052783,0.05131945,-0.4322911,-0.1263268,-0.2531079,-0.21967334,-0.45181632,0.0032397062,0.0014014534,-0.2110579,-0.23878801,-0.34080803,-0.045017064,-0.0026847124,-0.19132465,-0.019922316,-0.17542017,-0.4158796,-0.09614378,-0.5286969,-0.27765536,-0.25308812,-0.20470017,-0.19476312,-0.28001928,0.29005796,-0.16606343,-0.032006502,-0.18715239,0.64490676,-0.14656794,-0.5080447,-0.51332873,-0.24114203,-0.4646265,-0.4841714,-0.29983592,-0.14607519,-0.025164962,0.030273471,0.40941274,0.20849857,-0.4860745,-0.07725966,-0.06317657,-0.19120586,-0.3889917,-0.21063507,-0.21932697,-0.10595089,0.035874367,-0.39819884,-0.44949347,-0.3088606,0.2690588,-0.21739972,-0.2902317,-0.40334576,0.07559047,-0.50396526,0.18333226,-0.18741238,0.1748038,0.037672985,-0.18750983,0.023601629,-0.19960195,-0.3236866,-0.09206349,-0.26959163,-0.45222676,-0.20189989,-0.21103144,-0.09076166,-0.12742949,-0.16697401,-0.41244364,0.111243665,-0.20972335,-0.48847544
-0.098171115,-0.2959395,-0.55152845,-0.020448446,-0.5194448,-0.046765327,-0.57158506,-0.04288441,-0.4048193,-0.5529741,-0.13405412,-0.2108615,-0.20582145,-0.42905724,-0.001060307,-0.25909323,-0.07734084,-0.49689347,-0.14585131,-0.42621237,-0.15329438,-0.23222256,-0.47324437,-0.5015559,-0.42230988,-0.3451035,-0.11759007,0.10232946,-0.32648104,-0.43357253,-0.21362829,-0.16989255,-0.093495905,-0.35774893,-0.21589702,-0.528973,-0.19546264,-0.27591103,-0.01601988,-0.14913839,-0.35558313,-0.19927973,-0.06896573,-0.27216864,-0.60376465,-0.22814536,-0.09582758,-0.36865056,0.13526061,0.052034497,-0.4575696,-0.16813302,-0.3055852,-0.26220018,-0.44512844,-0.0043809414,-0.03446251,-0.2574107,-0.30297035,-0.32350767,-0.043402076,0.0021100673,-0.22000664,-0.1200096,-0.14670128,-0.4359876,-0.1317085,-0.5511335,-0.2873258,-0.2509315,-0.2175011,-0.21540856,-0.33361304,0.21894234,-0.17856789,-0.04358828,-0.14897162,0.65827817,-0.17455894,-0.51093405,-0.4842937,-0.21622854,-0.49935764,-0.49108273,-0.3152467,-0.20707786,-0.037717044,0.029195126,0.43461174,0.2802848,-0.5038161,-0.08045727,-0.10595214,-0.13255,-0.40707672,-0.23063868,-0.21507013,-0.13388222,0.036418356,-0.40479386,-0.48628098,-0.31533098,0.3502221,-0.2023741,-0.34888995,-0.43351912,0.09285865,-0.5119306,0.20003277,-0.20458978,0.20549226,-0.037684202,-0.22479868,0.025867615,-0.25352365,-0.33949852,-0.09606129,-0.23634267,-0.4746092,-0.1712377,-0.16830206,-0.10833311,-0.12919891,-0.12809598,-0.39401853,0.10477014,-0.14344645,-0.5278835
-0.08787978,-0.32565218,-0.52344847,-0.14596027,-0.4731465,0.01858002,-0.5669414,0.042528674,-0.4377848,-0.5387279,0.07735588,-0.29113215,-0.23684525,-0.26085836,-0.04756093,-0.32190257,0.2960089,-0.50037014,-0.07569903,-0.41005492,-0.0685119,-0.15779668,-0.46213388,-0.48200315,-0.43313873,-0.2415399,-0.26174527,-0.06826168,-0.18674994,-0.42388654,-0.15167081,-0.20555395,-0.24778324,-0.3743329,-0.25273782,-0.5055176,-0.079836905,-0.13678509,-0.13340515,-0.17687416,-0.3632596,-0.2946,0.013711132,-0.3574581,-0.55972075,-0.11973947,-0.22724378,-0.35346812,0.1097596,-0.08035797,-0.4853593,-0.14993978,-0.2548172,-0.18163782,-0.39398456,-0.10179269,-0.11079782,-0.23131388,-0.3505273,-0.25999445,-0.15010762,-0.07533842,-0.31592917,-0.2096225,-0.099081516,-0.36919641,-0.21550387,-0.5229727,-0.12471926,-0.104568124,-0.123494506,-0.18764204,-0.34902674,0.09188214,-0.06810856,-0.11191666,-0.030669272,0.49984923,-0.22444671,-0.51825535,-0.4034875,-0.240973,-0.50875247,-0.46987516,-0.2689994,-0.2614749,-0.09215546,-0.07729107,0.31141135,0.19452548,-0.47710901,-0.12091333,-0.17045557,-0.26726806,-0.3229552,-0.28621262,-0.28687787,-0.15323323,-0.08100867,-0.37097812,-0.37967968,-0.36510152,0.2636618,-0.2800784,-0.36677742,-0.37124717,-0.08320099,-0.4119475,0.044994283,-0.24701965,0.094771154,-0.026523948,-0.26902902,0.3484608,-0.23967886,-0.31830454,-0.08496159,-0.2914409,-0.4734525,-0.11364335,-0.24257284,0.014491176,-0.10254592,-0.28531533,-0.4138974,-0.027349114,-0.29919046,-0.4198705
-0.032732427,-0.29046917,-0.41453743,-0.25114232,-0.43061697,-0.01813811,-0.45509517,-0.04665196,-0.39668941,-0.48793352,0.14181499,-0.24972194,-0.30572468,-0.10036713,-0.16983622,-0.27918017,0.39784044,-0.44287997,-0.114171624,-0.32468563,-0.07845181,-0.06059414,-0.35977447,-0.36455518,-0.43209046,-0.09018284,-0.26274067,-0.12945276,-0.12353629,-0.3425994,-0.1461739,-0.20678031,-0.25452477,-0.42878717,-0.30342323,-0.42501497,0.08947206,-0.16000825,-0.18242371,-0.18308383,-0.29948092,-0.27209687,0.094558604,-0.40648675,-0.5117003,-0.12167829,-0.2535169,-0.37006837,-0.032270193,-0.16594076,-0.48196077,-0.15163463,-0.21323633,0.020945206,-0.3053729,-0.19564968,-0.061483562,-0.21636122,-0.3164851,-0.25187266,-0.20606482,-0.13156599,-0.35817707,-0.1562903,0.024137484,-0.264351,-0.16957426,-0.47805166,-0.12017393,0.059798133,-0.13464582,-0.15825963,-0.20627409,0.044142496,-0.075304806,-0.110306084,-0.04118681,0.3248918,-0.31242937,-0.45888942,-0.36884552,-0.23897469,-0.40380836,-0.38301635,-0.23475331,-0.23054713,-0.18917781,-0.14478183,0.11639789,0.05657818,-0.37150586,-0.13098198,-0.22682464,-0.32948846,-0.18760014,-0.2708298,-0.27618015,-0.15513015,-0.107378066,-0.32886356,-0.2612086,-0.33677578,0.11666672,-0.30657804,-0.3237481,-0.26915216,-0.23234242,-0.28766912,-0.13490915,-0.21590996,-0.052397847,0.07743656,-0.25586414,0.4216407,-0.10804498,-0.2861405,-0.0972687,-0.27889973,-0.39523458,-0.15630573,-0.2786361,-0.0062636733,-0.13276267,-0.38979435,-0.36484975,-0.11583918,-0.33906496,-0.24790472
-0.08787978,-0.32565218,-0.52344847,-0.14596027,-0.4731465,0.01858002,-0.5669414,0.042528674,-0.4377848,-0.5387279,0.07735588,-0.29113215,-0.23684525,-0.26085836,-0.04756093,-0.32190257,0.2960089,-0.50037014,-0.07569903,-0.41005492,-0.0685119,-0.15779668,-0.46213388,-0.48200315,-0.43313873,-0.2415399,-0.26174527,-0.06826168,-0.18674994,-0.42388654,-0.15167081,-0.20555395,-0.24778324,-0.3743329,-0.25273782,-0.5055176,-0.079836905,-0.13678509,-0.13340515,-0.17687416,-0.3632596,-0.2946,0.013711132,-0.3574581,-0.55972075,-0.11973947,-0.22724378,-0.35346812,0.1097596,-0.08035797,-0.4853593,-0.14993978,-0.2548172,-0.18163782,-0.39398456,-0.10179269,-0.11079782,-0.23131388,-0.3505273,-0.25999445,-0.15010762,-0.07533842,-0.31592917,-0.2096225,-0.099081516,-0.36919641,-0.21550387,-0.5229727,-0.12471926,-0.104568124,-0.123494506,-0.18764204,-0.34902674,0.09188214,-0.06810856,-0.11191666,-0.030669272,0.49984923,-0.22444671,-0.51825535,-0.4034875,-0.240973,-0.50875247,-0.46987516,-0.2689994,-0.2614749,-0.09215546,-0.07729107,0.31141135,0.19452548,-0.47710901,-0.12091333,-0.17045557,-0.26726806,-0.3229552,-0.28621262,-0.28687787,-0.15323323,-0.08100867,-0.37097812,-0.37967968,-0.36510152,0.2636618,-0.2800784,-0.36677742,-0.37124717,-0.08320099,-0.4119475,0.044994283,-0.24701965,0.094771154,-0.026523948,-0.26902902,0.3484608,-0.23967886,-0.31830454,-0.08496159,-0.2914409,-0.4734525,-0.11364335,-0.24257284,0.014491176,-0.10254592,-0.28531533,-0.4138974,-0.027349114,-0.29919046,-0.4198705
-0.098171115,-0.2959395,-0.55152845,-0.020448446,-0.5194448,-0.046765327,-0.57158506,-0.04288441,-0.4048193,-0.5529741,-0.13405412,-0.2108615,-0.20582145,-0.42905724,-0.001060307,-0.25909323,-0.07734084,-0.49689347,-0.14585131,-0.42621237,-0.15329438,-0.23222256,-0.47324437,-0.5015559,-0.42230988,-0.3451035,-0.11759007,0.10232946,-0.32648104,-0.43357253,-0.21362829,-0.16989255,-0.093495905,-0.35774893,-0.21589702,-0.528973,-0.19546264,-0.27591103,-0.01601988,-0.14913839,-0.35558313,-0.19927973,-0.06896573,-0.27216864,-0.60376465,-0.22814536,-0.09582758,-0.36865056,0.13526061,0.052034497,-0.4575696,-0.16813302,-0.3055852,-0.26220018,-0.44512844,-0.0043809414,-0.03446251,-0.2574107,-0.30297035,-0.32350767,-0.043402076,0.0021100673,-0.22000664,-0.1200096,-0.14670128,-0.4359876,-0.1317085,-0.5511335,-0.2873258,-0.2509315,-0.2175011,-0.21540856,-0.33361304,0.21894234,-0.17856789,-0.04358828,-0.14897162,0.65827817,-0.17455894,-0.51093405,-0.4842937,-0.21622854,-0.49935764,-0.49108273,-0.3152467,-0.20707786,-0.037717044,0.029195126,0.43461174,0.2802848,-0.5038161,-0.08045727,-0.10595214,-0.13255,-0.40707672,-0.23063868,-0.21507013,-0.13388222,0.036418356,-0.40479386,-0.48628098,-0.31533098,0.3502221,-0.2023741,-0.34888995,-0.43351912,0.09285865,-0.5119306,0.20003277,-0.20458978,0.20549226,-0.037684202,-0.22479868,0.025867615,-0.25352365,-0.33949852,-0.09606129,-0.23634267,-0.4746092,-0.1712377,-0.16830206,-0.10833311,-0.12919891,-0.12809598,-0.39401853,0.10477014,-0.14344645,-0.5278835
0.016392078,-0.27278286,-0.16729772,-0.4534436,-0.27154076,0.040760733,-0.27501208,-0.06235826,-0.3640142,-0.37149197,0.45611432,-0.267478,-0.37852055,0.415604,-0.3419732,-0.31833458,0.9657704,-0.33777434,-0.07514119,-0.16123778,0.028802495,0.15624028,-0.14644063,-0.1666264,-0.42332911,0.34778762,-0.41707373,-0.3867343,0.16483796,-0.15489101,-0.121946454,-0.24008799,-0.4382797,-0.49788618,-0.39004827,-0.22795522,0.43477386,-0.05162561,-0.3334821,-0.26367474,-0.20745838,-0.3597659,0.2725888,-0.5371153,-0.34514987,0.020130668,-0.42735785,-0.37805402,-0.21716917,-0.38317233,-0.48187006,-0.099414766,-0.15244925,0.45107898,-0.0738821,-0.38496816,-0.024634123,-0.14224291,-0.34216076,-0.17423564,-0.37061554,-0.25880998,-0.46545535,-0.17115933,0.26403517,0.015083674,-0.20299655,-0.35071087,0.107139096,0.49655828,-0.019430697,-0.11425239,-0.040216923,-0.14679635,0.07002065,-0.18364495,0.08470844,-0.07911241,-0.47746068,-0.3656357,-0.19199622,-0.27954757,-0.23718858,-0.17102778,-0.10532373,-0.23089558,-0.32855827,-0.31440258,-0.28807247,-0.21929139,-0.1582861,-0.18413663,-0.3864156,-0.54632556,0.18597819,-0.32754898,-0.39891076,-0.15473962,-0.29036587,-0.18248588,0.16774192,-0.35089993,-0.17390412,-0.42893237,-0.26386726,-0.031823337,-0.51116204,0.1659233,-0.46193188,-0.22626978,-0.3440553,0.29534507,-0.3111595,0.88100123,0.1530743,-0.19702375,-0.099398434,-0.3231057,-0.27257574,-0.13019407,-0.4253912,0.12592767,-0.14335781,-0.62726915,-0.30043012,-0.33310223,-0.5443344,0.31560367
0.23861103,-0.22341579,-0.1636557,-0.49711847,-0.3834716,-0.21115756,-0.09388292,-0.24635828,-0.31189096,-0.39675462,0.41321468,-0.3184585,-0.48146516,0.3450214,-0.32459664,-0.24791843,0.6320022,-0.36097616,-0.2510137,-0.03877288,-0.14483964,0.30490252,-0.096208334,0.039305363,-0.45350105,0.34796995,-0.2677322,-0.17018855,0.040052563,-0.1762082,0.012524303,-0.16178536,-0.14697224,-0.5483016,-0.36468303,-0.35085493,0.62927854,-0.14949238,-0.35993987,-0.05314541,-0.181404,-0.29150164,0.40917057,-0.48404837,-0.43336868,-0.13304228,-0.22161585,-0.41341984,-0.23185468,-0.35193354,-0.56781185,-0.27653998,-0.060103893,0.46401712,0.029151022,-0.4072305,-0.13547581,-0.28282714,-0.313631,-0.16319674,-0.34710932,-0.3015893,-0.50364876,-0.20233083,0.32181257,-0.037784398,-0.12494093,-0.42111385,-0.0846864,0.47178248,-0.18250251,-0.06091124,0.29752314,-0.17016399,-0.075098395,-0.12381542,-0.00930655,-0.08926451,-0.4421891,-0.32716858,-0.1697864,-0.17117125,-0.22185677,-0.24118102,-0.2019335,-0.28332895,-0.45047832,-0.3318413,-0.21031415,-0.13301164,-0.106227875,-0.17442006,-0.34486556,-0.32972878,0.25281706,-0.21417642,-0.079340816,-0.21382701,-0.100058675,-0.30621874,0.015023116,-0.29091966,-0.08798301,-0.28662187,-0.3233217,0.094246365,-0.50752306,0.07203184,-0.41644698,-0.16049379,-0.2675041,0.09728227,-0.23357344,0.6177417,0.07971515,-0.27404135,-0.14978403,-0.23166168,-0.25390702,-0.26902294,-0.23932779,-0.115033865,-0.2173391,-0.5145806,-0.26846755,-0.33774388,-0.3170588,0.22409222
0.32771227,-0.25523347,-0.21097332,-0.5485362,-0.40461034,-0.24837643,-0.10819131,-0.21971983,-0.35515827,-0.42742807,0.5830765,-0.43387806,-0.51941335,0.46016234,-0.29222953,-0.30533475,0.79472816,-0.41765296,-0.25046962,-0.022833526,-0.1342929,0.41312483,-0.14207488,0.06833412,-0.4792472,0.39586782,-0.317616,-0.15842849,0.13081604,-0.23739362,0.15992834,-0.15664732,-0.13152796,-0.5609318,-0.3578655,-0.42914838,0.76329917,-0.017286658,-0.43139952,0.045232207,-0.22776926,-0.35937208,0.5184721,-0.49825,-0.44951767,-0.08362359,-0.21027285,-0.40991652,-0.19636554,-0.39093125,-0.62952965,-0.3355474,0.029746972,0.44752964,0.09140316,-0.4425106,-0.2786532,-0.32930845,-0.36873835,-0.084836364,-0.3885116,-0.35374212,-0.5665742,-0.32867604,0.32849073,-0.043374956,-0.20140094,-0.44931203,0.025474332,0.5443768,-0.1503439,-0.020258665,0.3286216,-0.2636572,-0.0143710375,-0.16267377,0.08566509,-0.14802867,-0.4195813,-0.36373484,-0.049889028,-0.14221364,-0.31617993,-0.3132835,-0.2163791,-0.37599957,-0.5010798,-0.38560486,-0.17799824,-0.0953244,-0.13150257,-0.20271671,-0.34924752,-0.2791626,0.31764165,-0.22241092,0.020246152,-0.25837868,-0.08829492,-0.3523181,0.030191172,-0.33277547,-0.04332781,-0.26597607,-0.3949387,0.17668015,-0.5443099,0.10329254,-0.4212603,-0.19135934,-0.24604845,-0.05128485,-0.24680841,0.778191,-0.037092626,-0.307182,-0.16110218,-0.2525738,-0.3048476,-0.2617346,-0.17860067,-0.097776115,-0.21373093,-0.5031209,-0.3122304,-0.39244848,-0.2973941,0.23691589
0.23861103,-0.22341579,-0.1636557,-0.49711847,-0.3834716,-0.21115756,-0.09388292,-0.24635828,-0.31189096,-0.39675462,0.41321468,-0.3184585,-0.48146516,0.3450214,-0.32459664,-0.24791843,0.6320022,-0.36097616,-0.2510137,-0.03877288,-0.14483964,0.30490252,-0.096208334,0.039305363,-0.45350105,0.34796995,-0.2677322,-0.17018855,0.040052563,-0.1762082,0.012524303,-0.16178536,-0.14697224,-0.5483016,-0.36468303,-0.35085493,0.6292786,-0.14949238,-0.35993993,-0.05314541,-0.181404,-0.29150164,0.40917057,-0.48404837,-0.43336868,-0.13304228,-0.22161585,-0.41341984,-0.23185468,-0.35193354,-0.56781185,-0.27653998,-0.060103893,0.46401712,0.029151022,-0.4072305,-0.13547581,-0.28282714,-0.313631,-0.16319674,-0.34710932,-0.3015893,-0.50364876,-0.20233083,0.32181257,-0.037784398,-0.12494093,-0.42111385,-0.0846864,0.47178248,-0.18250251,-0.06091124,0.29752314,-0.17016399,-0.075098395,-0.12381542,-0.00930655,-0.08926451,-0.4421891,-0.32716858,-0.1697864,-0.17117125,-0.22185677,-0.24118102,-0.2019335,-0.28332895,-0.45047832,-0.3318413,-0.21031415,-0.13301164,-0.106227875,-0.17442006,-0.34486556,-0.32972878,0.25281706,-0.21417642,-0.079340816,-0.21382701,-0.100058675,-0.30621874,0.015023116,-0.29091966,-0.08798301,-0.28662187,-0.3233217,0.094246365,-0.50752306,0.07203184,-0.41644698,-0.16049379,-0.2675041,0.09728227,-0.23357344,0.6177417,0.07971515,-0.27404135,-0.14978403,-0.23166168,-0.25390702,-0.26902294,-0.23932779,-0.115033865,-0.2173391,-0.5145806,-0.26846755,-0.33774388,-0.3170588,0.22409222
-0.056077182,-0.24679083,-0.058281004,-0.45168465,-0.18789512,0.10613807,-0.23756713,-0.083358586,-0.3145504,-0.30213732,0.41015765,-0.17183149,-0.33410555,0.43833873,-0.39026272,-0.31727397,1.0022743,-0.24890184,-0.06120485,-0.120559275,0.05892801,0.117092356,-0.03357756,-0.1593234,-0.38694257,0.44931558,-0.43835413,-0.46794122,0.16220388,-0.014183104,-0.23305339,-0.24345428,-0.50135636,-0.4942407,-0.40271306,-0.08134961,0.4080487,-0.13728392,-0.308968,-0.35314977,-0.14545059,-0.35539383,0.22934455,-0.555768,-0.26387775,0.02372789,-0.48366994,-0.3830256,-0.2671429,-0.41099173,-0.40713608,-0.013183594,-0.2356286,0.57513,-0.037235975,-0.40331173,0.14244132,-0.070824385,-0.3308339,-0.20801473,-0.38383222,-0.24195391,-0.42069036,-0.07309115,0.32543263,0.08574944,-0.16871858,-0.27910727,0.08637558,0.5606224,-0.007992029,-0.15075576,-0.05370295,-0.123577654,0.07734572,-0.17943317,0.05176608,-0.12372863,-0.53829277,-0.30694336,-0.20565403,-0.31396312,-0.12015343,-0.016192079,-0.045374632,-0.14621478,-0.3042794,-0.3126797,-0.40340513,-0.3008914,-0.091659784,-0.17676657,-0.44081646,-0.62760127,0.23921494,-0.35000288,-0.49805927,-0.10379386,-0.36111844,-0.06924528,0.2857031,-0.32620627,-0.25932664,-0.47433317,-0.1789763,-0.045009017,-0.54363894,0.29716432,-0.5342144,-0.21602052,-0.4296378,0.48739916,-0.33711767,0.8858566,0.314576,-0.13748902,-0.08936709,-0.32008082,-0.20885074,-0.11486924,-0.5032767,0.15578286,-0.14916158,-0.6875777,-0.23923105,-0.34542876,-0.6093644,0.46379
