gene_id,transcript_id
ENSG00000116237,ENST00000343813
ENSG00000162413,ENST00000377658
ENSG00000171603,ENST00000361311
ENSG00000160049,ENST00000377036
ENSG00000065526,ENST00000375759
ENSG00000117118,ENST00000375499
ENSG00000053371,ENST00000235835
ENSG00000076864,ENST00000290101
ENSG00000070831,ENST00000315554
ENSG00000133216,ENST00000374627
ENSG00000007968,ENST00000361729
ENSG00000117308,ENST00000374497
ENSG00000169504,ENST00000374379
ENSG00000183726,ENST00000374358
ENSG00000117632,ENST00000357865
ENSG00000117682,ENST00000236342
ENSG00000175793,ENST00000339276
ENSG00000142784,ENST00000319394
ENSG00000117748,ENST00000313433
ENSG00000084652,ENST00000373609
ENSG00000054116,ENST00000373159
ENSG00000214114,ENST00000397572
ENSG00000127603,ENST00000289893
ENSG00000084072,ENST00000324379
ENSG00000198815,ENST00000361346
ENSG00000117395,ENST00000236051
ENSG00000117399,ENST00000310955
ENSG00000142949,ENST00000359947
ENSG00000117408,ENST00000372339
ENSG00000132768,ENST00000255108
ENSG00000117410,ENST00000236067
ENSG00000142945,ENST00000372217
ENSG00000086015,ENST00000361297
ENSG00000117461,ENST00000262741
ENSG00000132128,ENST00000343304
ENSG00000079277,ENST00000341183
ENSG00000159658,ENST00000371933
ENSG00000085840,ENST00000371566
ENSG00000116171,ENST00000371509
ENSG00000177606,ENST00000371222
ENSG00000162607,ENST00000339950
ENSG00000079739,ENST00000371083
ENSG00000116717,ENST00000370985
ENSG00000116791,ENST00000340866
ENSG00000153936,ENST00000356813
ENSG00000154511,ENST00000370310
ENSG00000143033,ENST00000370298
ENSG00000067334,ENST00000359208
ENSG00000162627,ENST00000306121
ENSG00000162688,ENST00000294724
ENSG00000117620,ENST00000370153
ENSG00000134222,ENST00000369903
ENSG00000213366,ENST00000241337
ENSG00000162777,ENST00000357640
ENSG00000213281,ENST00000369535
ENSG00000116815,ENST00000369487
ENSG00000092621,ENST00000369407
ENSG00000184678,ENST00000369155
ENSG00000143409,ENST00000312210
ENSG00000213190,ENST00000368921
ENSG00000163159,ENST00000354473
ENSG00000159352,ENST00000368881
ENSG00000143390,ENST00000290524
ENSG00000196154,ENST00000354332
ENSG00000189171,ENST00000339556
ENSG00000143624,ENST00000318967
ENSG00000143554,ENST00000271857
ENSG00000160691,ENST00000366442
ENSG00000185499,ENST00000337604
ENSG00000132680,ENST00000368319
ENSG00000116584,ENST00000313667
ENSG00000158793,ENST00000368007
ENSG00000143224,ENST00000352210
ENSG00000118217,ENST00000367942
ENSG00000143183,ENST00000367881
ENSG00000143162,ENST00000370509
ENSG00000197965,ENST00000359523
ENSG00000143158,ENST00000271373
ENSG00000143153,ENST00000367813
ENSG00000000457,ENST00000367770
ENSG00000116199,ENST00000263733
ENSG00000073756,ENST00000367468
ENSG00000116711,ENST00000367466
ENSG00000116741,ENST00000235382
ENSG00000081237,ENST00000348564
ENSG00000118193,ENST00000367350
ENSG00000118200,ENST00000236925
ENSG00000159176,ENST00000340006
ENSG00000117139,ENST00000235790
ENSG00000133056,ENST00000367184
ENSG00000143479,ENST00000367106
ENSG00000162889,ENST00000294981
ENSG00000123684,ENST00000366996
ENSG00000066027,ENST00000261461
ENSG00000117691,ENST00000366988
ENSG00000136628,ENST00000366923
ENSG00000067704,ENST00000302637
ENSG00000143514,ENST00000343537
ENSG00000143748,ENST00000281701
ENSG00000143815,ENST00000272163
ENSG00000182827,ENST00000366812
ENSG00000143799,ENST00000366790
ENSG00000163050,ENST00000366777
ENSG00000168118,ENST00000366690
ENSG00000069248,ENST00000261396
ENSG00000135775,ENST00000366668
ENSG00000135750,ENST00000366620
ENSG00000059588,ENST00000040877
ENSG00000188739,ENST00000366606
ENSG00000054267,ENST00000264183
ENSG00000116977,ENST00000238181
ENSG00000119285,ENST00000366579
ENSG00000143653,ENST00000366510
ENSG00000182551,ENST00000327435
ENSG00000115738,ENST00000234091
ENSG00000119185,ENST00000238091
ENSG00000119772,ENST00000264709
ENSG00000138074,ENST00000310574
ENSG00000171174,ENST00000302188
ENSG00000171055,ENST00000305852
ENSG00000115816,ENST00000234170
ENSG00000116062,ENST00000234420
ENSG00000138081,ENST00000316377
ENSG00000115902,ENST00000234256
ENSG00000198369,ENST00000356388
ENSG00000198380,ENST00000357308
ENSG00000116096,ENST00000234454
ENSG00000144048,ENST00000272444
ENSG00000124356,ENST00000339566
ENSG00000065911,ENST00000264090
ENSG00000115364,ENST00000358788
ENSG00000168906,ENST00000306434
ENSG00000115525,ENST00000306262
ENSG00000115548,ENST00000312912
ENSG00000153574,ENST00000283646
ENSG00000115514,ENST00000264255
ENSG00000071054,ENST00000302217
ENSG00000115641,ENST00000322142
ENSG00000071051,ENST00000233154
ENSG00000125538,ENST00000263341
ENSG00000125618,ENST00000263334
ENSG00000144118,ENST00000272519
ENSG00000121966,ENST00000241393
ENSG00000168280,ENST00000397413
ENSG00000128708,ENST00000264108
ENSG00000128656,ENST00000295497
ENSG00000116044,ENST00000397062
ENSG00000151689,ENST00000322522
ENSG00000115415,ENST00000361099
ENSG00000144381,ENST00000345042
ENSG00000003402,ENST00000309955
ENSG00000003400,ENST00000272879
ENSG00000115993,ENST00000332624
ENSG00000155760,ENST00000286201
ENSG00000118260,ENST00000353267
ENSG00000115425,ENST00000265322
ENSG00000115657,ENST00000265316
ENSG00000135924,ENST00000336576
ENSG00000135932,ENST00000258418
ENSG00000188042,ENST00000339728
ENSG00000063660,ENST00000264039
ENSG00000115694,ENST00000316586
ENSG00000134107,ENST00000256495
ENSG00000134109,ENST00000256497
ENSG00000157014,ENST00000287652
ENSG00000144560,ENST00000273038
ENSG00000132170,ENST00000287820
ENSG00000154743,ENST00000284995
ENSG00000131370,ENST00000253688
ENSG00000182568,ENST00000338745
ENSG00000163513,ENST00000295754
ENSG00000170275,ENST00000320954
ENSG00000060971,ENST00000301810
ENSG00000172939,ENST00000311806
ENSG00000160746,ENST00000292246
ENSG00000211456,ENST00000389061
ENSG00000173473,ENST00000254480
ENSG00000164045,ENST00000302506
ENSG00000164048,ENST00000354698
ENSG00000178467,ENST00000343546
ENSG00000067560,ENST00000265538
ENSG00000145022,ENST00000273590
ENSG00000173402,ENST00000308775
ENSG00000004534,ENST00000266022
ENSG00000114353,ENST00000266027
ENSG00000114388,ENST00000232501
ENSG00000114738,ENST00000357955
ENSG00000023330,ENST00000310271
ENSG00000247596,ENST00000305533
ENSG00000010322,ENST00000345716
ENSG00000168268,ENST00000307076
ENSG00000213533,ENST00000355083
ENSG00000163932,ENST00000330452
ENSG00000163686,ENST00000295962
ENSG00000044524,ENST00000336596
ENSG00000184500,ENST00000348974
ENSG00000154174,ENST00000284320
ENSG00000114423,ENST00000264122
ENSG00000144848,ENST00000283290
ENSG00000163607,ENST00000295864
ENSG00000065485,ENST00000316218
ENSG00000065534,ENST00000346322
ENSG00000082781,ENST00000296181
ENSG00000175792,ENST00000322623
ENSG00000179348,ENST00000341105
ENSG00000163902,ENST00000296255
ENSG00000196455,ENST00000356763
ENSG00000017260,ENST00000328560
ENSG00000163781,ENST00000260810
ENSG00000114054,ENST00000251654
ENSG00000158092,ENST00000288986
ENSG00000158234,ENST00000338446
ENSG00000184432,ENST00000333188
ENSG00000188313,ENST00000342435
ENSG00000152601,ENST00000282486
ENSG00000163659,ENST00000295924
ENSG00000113810,ENST00000344722
ENSG00000121879,ENST00000263967
ENSG00000181449,ENST00000325404
ENSG00000058063,ENST00000323116
ENSG00000114770,ENST00000265586
ENSG00000161204,ENST00000292808
ENSG00000175166,ENST00000310118
ENSG00000073792,ENST00000346192
ENSG00000163923,ENST00000296277
ENSG00000114315,ENST00000232424
ENSG00000109736,ENST00000329687
ENSG00000163956,ENST00000296325
ENSG00000109501,ENST00000226760
ENSG00000002549,ENST00000226299
ENSG00000109814,ENST00000316423
ENSG00000121892,ENST00000303538
ENSG00000163697,ENST00000295974
ENSG00000109184,ENST00000334635
ENSG00000163069,ENST00000381431
ENSG00000109220,ENST00000263921
ENSG00000157404,ENST00000288135
ENSG00000128050,ENST00000264221
ENSG00000156136,ENST00000286648
ENSG00000081041,ENST00000296031
ENSG00000145293,ENST00000273920
ENSG00000198189,ENST00000358290
ENSG00000170502,ENST00000302174
ENSG00000118785,ENST00000237623
ENSG00000138642,ENST00000264346
ENSG00000145335,ENST00000336904
ENSG00000197894,ENST00000296412
ENSG00000138778,ENST00000265148
ENSG00000138796,ENST00000309522
ENSG00000138798,ENST00000265171
ENSG00000170522,ENST00000302274
ENSG00000145386,ENST00000274026
ENSG00000109452,ENST00000262992
ENSG00000164167,ENST00000296581
ENSG00000109654,ENST00000338700
ENSG00000129187,ENST00000357067
ENSG00000164305,ENST00000308394
ENSG00000151729,ENST00000281456
ENSG00000083857,ENST00000441802
ENSG00000164362,ENST00000296820
ENSG00000112941,ENST00000230859
ENSG00000145555,ENST00000274203
ENSG00000039560,ENST00000265109
ENSG00000083720,ENST00000196371
ENSG00000112964,ENST00000230882
ENSG00000172262,ENST00000306938
ENSG00000112972,ENST00000325110
ENSG00000112992,ENST00000264663
ENSG00000067248,ENST00000251636
ENSG00000134057,ENST00000256442
ENSG00000134058,ENST00000256443
ENSG00000113161,ENST00000287936
ENSG00000145687,ENST00000320672
ENSG00000145715,ENST00000274376
ENSG00000134480,ENST00000256897
ENSG00000081189,ENST00000340208
ENSG00000153140,ENST00000283122
ENSG00000173221,ENST00000237858
ENSG00000153113,ENST00000309190
ENSG00000164209,ENST00000355943
ENSG00000129625,ENST00000261482
ENSG00000168938,ENST00000306442
ENSG00000164904,ENST00000409134
ENSG00000066583,ENST00000173527
ENSG00000072682,ENST00000166534
ENSG00000170606,ENST00000304858
ENSG00000213585,ENST00000265333
ENSG00000113558,ENST00000328392
ENSG00000043143,ENST00000282605
ENSG00000112984,ENST00000394894
ENSG00000120738,ENST00000239938
ENSG00000113552,ENST00000311337
ENSG00000113649,ENST00000296702
ENSG00000169252,ENST00000305988
ENSG00000113712,ENST00000261798
ENSG00000145901,ENST00000315050
ENSG00000145907,ENST00000356245
ENSG00000072786,ENST00000176763
ENSG00000175416,ENST00000310418
ENSG00000160867,ENST00000292408
ENSG00000131188,ENST00000323249
ENSG00000161011,ENST00000360718
ENSG00000197226,ENST00000355235
ENSG00000112679,ENST00000344450
ENSG00000137274,ENST00000380368
ENSG00000137203,ENST00000319516
ENSG00000078401,ENST00000379375
ENSG00000145990,ENST00000379278
ENSG00000050393,ENST00000359495
ENSG00000124766,ENST00000244745
ENSG00000112312,ENST00000230056
ENSG00000079691,ENST00000329474
ENSG00000197903,ENST00000356950
ENSG00000204574,ENST00000326195
ENSG00000137331,ENST00000259874
ENSG00000204389,ENST00000375651
ENSG00000204351,ENST00000375394
ENSG00000204287,ENST00000374982
ENSG00000204264,ENST00000374881
ENSG00000204257,ENST00000374843
ENSG00000204209,ENST00000266000
ENSG00000124664,ENST00000374037
ENSG00000112033,ENST00000311565
ENSG00000156711,ENST00000211287
ENSG00000124762,ENST00000244741
ENSG00000112576,ENST00000372987
ENSG00000137161,ENST00000372836
ENSG00000171453,ENST00000304004
ENSG00000146232,ENST00000275015
ENSG00000146072,ENST00000296861
ENSG00000112118,ENST00000229854
ENSG00000065308,ENST00000182527
ENSG00000112200,ENST00000357489
ENSG00000164414,ENST00000369552
ENSG00000198833,ENST00000435041
ENSG00000112249,ENST00000324696
ENSG00000118689,ENST00000343882
ENSG00000080546,ENST00000302071
ENSG00000155111,ENST00000323817
ENSG00000196591,ENST00000368632
ENSG00000152894,ENST00000368202
ENSG00000079819,ENST00000337057
ENSG00000028839,ENST00000237264
ENSG00000135525,ENST00000354570
ENSG00000120265,ENST00000367378
ENSG00000120437,ENST00000367048
ENSG00000197081,ENST00000356956
ENSG00000085511,ENST00000348824
ENSG00000112592,ENST00000230354
ENSG00000197461,ENST00000354513
ENSG00000164850,ENST00000297469
ENSG00000136240,ENST00000258739
ENSG00000106399,ENST00000223129
ENSG00000006468,ENST00000242066
ENSG00000136261,ENST00000258761
ENSG00000071189,ENST00000409076
ENSG00000172115,ENST00000305786
ENSG00000106004,ENST00000222726
ENSG00000253293,ENST00000283921
ENSG00000136193,ENST00000242059
ENSG00000106080,ENST00000222803
ENSG00000106355,ENST00000223084
ENSG00000006451,ENST00000005257
ENSG00000106605,ENST00000265523
ENSG00000106636,ENST00000223369
ENSG00000015676,ENST00000338427
ENSG00000105968,ENST00000222690
ENSG00000146674,ENST00000275521
ENSG00000185811,ENST00000331340
ENSG00000106070,ENST00000335866
ENSG00000146648,ENST00000275493
ENSG00000106635,ENST00000223368
ENSG00000106089,ENST00000222812
ENSG00000049541,ENST00000055077
ENSG00000106211,ENST00000248553
ENSG00000127947,ENST00000248594
ENSG00000127955,ENST00000351004
ENSG00000135164,ENST00000331242
ENSG00000157240,ENST00000287934
ENSG00000105810,ENST00000265734
ENSG00000004864,ENST00000265631
ENSG00000160917,ENST00000292476
ENSG00000106366,ENST00000223095
ENSG00000106397,ENST00000223127
ENSG00000214253,ENST00000223136
ENSG00000008282,ENST00000011473
ENSG00000091140,ENST00000205402
ENSG00000135269,ENST00000358204
ENSG00000004866,ENST00000265437
ENSG00000128595,ENST00000249364
ENSG00000106484,ENST00000223215
ENSG00000106144,ENST00000310447
ENSG00000106462,ENST00000320356
ENSG00000164867,ENST00000297494
ENSG00000106615,ENST00000262187
ENSG00000106617,ENST00000287878
ENSG00000186480,ENST00000340368
ENSG00000009335,ENST00000348165
ENSG00000105993,ENST00000262177
ENSG00000183943,ENST00000262848
ENSG00000123130,ENST00000336430
ENSG00000165169,ENST00000378578
ENSG00000147155,ENST00000276096
ENSG00000101945,ENST00000337852
ENSG00000094631,ENST00000334136
ENSG00000126768,ENST00000376582
ENSG00000243279,ENST00000376386
ENSG00000102007,ENST00000376322
ENSG00000072501,ENST00000322213
ENSG00000072506,ENST00000168216
ENSG00000188021,ENST00000338222
ENSG00000184481,ENST00000341558
ENSG00000067177,ENST00000339490
ENSG00000000003,ENST00000373020
ENSG00000010671,ENST00000308731
ENSG00000133142,ENST00000372629
ENSG00000157514,ENST00000315660
ENSG00000101843,ENST00000217958
ENSG00000131724,ENST00000371637
ENSG00000101856,ENST00000217971
ENSG00000077721,ENST00000346330
ENSG00000156697,ENST00000371042
ENSG00000102078,ENST00000218197
ENSG00000165704,ENST00000298556
ENSG00000102241,ENST00000218364
ENSG00000013619,ENST00000262858
ENSG00000147383,ENST00000370274
ENSG00000196976,ENST00000357360
ENSG00000175806,ENST00000317173
ENSG00000079459,ENST00000220584
ENSG00000078674,ENST00000325083
ENSG00000104763,ENST00000262097
ENSG00000130227,ENST00000252512
ENSG00000120896,ENST00000240123
ENSG00000104765,ENST00000380629
ENSG00000186918,ENST00000344423
ENSG00000120875,ENST00000240100
ENSG00000197265,ENST00000355904
ENSG00000187840,ENST00000338825
ENSG00000083168,ENST00000265713
ENSG00000104365,ENST00000342222
ENSG00000070501,ENST00000265421
ENSG00000221869,ENST00000408965
ENSG00000120992,ENST00000316963
ENSG00000254087,ENST00000420292
ENSG00000066855,ENST00000262146
ENSG00000179041,ENST00000320270
ENSG00000085719,ENST00000198765
ENSG00000104325,ENST00000220764
ENSG00000175305,ENST00000308108
ENSG00000156469,ENST00000287025
ENSG00000147669,ENST00000353107
ENSG00000182197,ENST00000378204
ENSG00000156787,ENST00000287380
ENSG00000164961,ENST00000318410
ENSG00000173334,ENST00000311922
ENSG00000136997,ENST00000259523
ENSG00000169398,ENST00000340930
ENSG00000104522,ENST00000425753
ENSG00000179950,ENST00000313352
ENSG00000178896,ENST00000316052
ENSG00000160948,ENST00000292510
ENSG00000164985,ENST00000380715
ENSG00000155876,ENST00000380527
ENSG00000137154,ENST00000315377
ENSG00000198642,ENST00000359039
ENSG00000147889,ENST00000304494
ENSG00000107140,ENST00000336395
ENSG00000165304,ENST00000298048
ENSG00000107338,ENST00000377700
ENSG00000135048,ENST00000377043
ENSG00000196781,ENST00000376463
ENSG00000135047,ENST00000340342
ENSG00000165025,ENST00000375746
ENSG00000165030,ENST00000297689
ENSG00000136891,ENST00000374902
ENSG00000070061,ENST00000374647
ENSG00000119326,ENST00000325551
ENSG00000136875,ENST00000374198
ENSG00000136869,ENST00000355622
ENSG00000106804,ENST00000223642
ENSG00000136854,ENST00000373299
ENSG00000136877,ENST00000373225
ENSG00000106976,ENST00000341179
ENSG00000197694,ENST00000358161
ENSG00000136827,ENST00000351698
ENSG00000097007,ENST00000318560
ENSG00000160271,ENST00000372047
ENSG00000160326,ENST00000371897
ENSG00000122140,ENST00000241600
ENSG00000148400,ENST00000277541
ENSG00000107281,ENST00000371600
ENSG00000142082,ENST00000382743
ENSG00000023191,ENST00000354420
ENSG00000214063,ENST00000346501
ENSG00000117984,ENST00000236671
ENSG00000132254,ENST00000254584
ENSG00000132275,ENST00000254605
ENSG00000166333,ENST00000299421
ENSG00000070081,ENST00000323688
ENSG00000121691,ENST00000241052
ENSG00000110435,ENST00000227868
ENSG00000026508,ENST00000263398
ENSG00000175220,ENST00000311956
ENSG00000165912,ENST00000298838
ENSG00000134574,ENST00000256996
ENSG00000156587,ENST00000287156
ENSG00000198561,ENST00000358694
ENSG00000110104,ENST00000227520
ENSG00000110108,ENST00000227525
ENSG00000149499,ENST00000278845
ENSG00000149782,ENST00000279230
ENSG00000002330,ENST00000309032
ENSG00000014216,ENST00000279247
ENSG00000175602,ENST00000312579
ENSG00000175592,ENST00000312562
ENSG00000175550,ENST00000312515
ENSG00000174684,ENST00000311181
ENSG00000172613,ENST00000307980
ENSG00000175482,ENST00000312419
ENSG00000132740,ENST00000255078
ENSG00000110092,ENST00000227507
ENSG00000085733,ENST00000301843
ENSG00000158555,ENST00000336898
ENSG00000182704,ENST00000333090
ENSG00000149269,ENST00000278568
ENSG00000137509,ENST00000313010
ENSG00000074266,ENST00000263360
ENSG00000150687,ENST00000280258
ENSG00000166037,ENST00000325486
ENSG00000110330,ENST00000227758
ENSG00000196611,ENST00000315274
ENSG00000110660,ENST00000265836
ENSG00000178105,ENST00000322536
ENSG00000086827,ENST00000200135
ENSG00000137700,ENST00000330775
ENSG00000149428,ENST00000404233
ENSG00000172375,ENST00000336702
ENSG00000196914,ENST00000356641
ENSG00000109971,ENST00000227378
ENSG00000149554,ENST00000278916
ENSG00000134954,ENST00000319397
ENSG00000173848,ENST00000355029
ENSG00000065675,ENST00000263125
ENSG00000107485,ENST00000346208
ENSG00000148429,ENST00000277575
ENSG00000152464,ENST00000378197
ENSG00000148484,ENST00000345264
ENSG00000136758,ENST00000326799
ENSG00000095739,ENST00000375533
ENSG00000122873,ENST00000333926
ENSG00000170312,ENST00000316629
ENSG00000150347,ENST00000279873
ENSG00000181915,ENST00000373783
ENSG00000198954,ENST00000361983
ENSG00000156502,ENST00000359655
ENSG00000156515,ENST00000298649
ENSG00000166228,ENST00000299299
ENSG00000168209,ENST00000307365
ENSG00000122882,ENST00000372979
ENSG00000182180,ENST00000372940
ENSG00000138279,ENST00000372919
ENSG00000156650,ENST00000287239
ENSG00000108175,ENST00000334512
ENSG00000026103,ENST00000313771
ENSG00000107798,ENST00000282673
ENSG00000119912,ENST00000265986
ENSG00000107438,ENST00000329399
ENSG00000077147,ENST00000371142
ENSG00000052749,ENST00000315563
ENSG00000171314,ENST00000334828
ENSG00000166197,ENST00000370007
ENSG00000077150,ENST00000189444
ENSG00000108039,ENST00000322238
ENSG00000119953,ENST00000369592
ENSG00000108055,ENST00000361804
ENSG00000023041,ENST00000369404
ENSG00000165806,ENST00000345633
ENSG00000107560,ENST00000355624
ENSG00000151929,ENST00000369085
ENSG00000066468,ENST00000336553
ENSG00000166033,ENST00000368984
ENSG00000176171,ENST00000368636
ENSG00000073614,ENST00000382815
ENSG00000004478,ENST00000001008
ENSG00000010292,ENST00000315579
ENSG00000111640,ENST00000229239
ENSG00000111652,ENST00000229251
ENSG00000111679,ENST00000318974
ENSG00000111276,ENST00000228872
ENSG00000013583,ENST00000014930
ENSG00000023697,ENST00000428559
ENSG00000111711,ENST00000229314
ENSG00000111731,ENST00000333957
ENSG00000087470,ENST00000266481
ENSG00000123268,ENST00000262053
ENSG00000110911,ENST00000262051
ENSG00000123374,ENST00000266970
ENSG00000065361,ENST00000267101
ENSG00000135473,ENST00000257931
ENSG00000111602,ENST00000229201
ENSG00000135446,ENST00000257904
ENSG00000118600,ENST00000261234
ENSG00000149948,ENST00000354636
ENSG00000166225,ENST00000299293
ENSG00000080371,ENST00000261263
ENSG00000139318,ENST00000279488
ENSG00000120833,ENST00000340600
ENSG00000198431,ENST00000354940
ENSG00000136051,ENST00000311317
ENSG00000136045,ENST00000412830
ENSG00000151148,ENST00000280774
ENSG00000204852,ENST00000377654
ENSG00000089022,ENST00000546394
ENSG00000135108,ENST00000330622
ENSG00000111445,ENST00000229043
ENSG00000089159,ENST00000228307
ENSG00000110917,ENST00000228506
ENSG00000110801,ENST00000261817
ENSG00000119242,ENST00000238156
ENSG00000073060,ENST00000261693
ENSG00000176894,ENST00000317479
ENSG00000121741,ENST00000382869
ENSG00000132970,ENST00000335327
ENSG00000133101,ENST00000255465
ENSG00000120686,ENST00000239878
ENSG00000120675,ENST00000379221
ENSG00000139687,ENST00000267163
ENSG00000204977,ENST00000298772
ENSG00000139793,ENST00000343600
ENSG00000125304,ENST00000376387
ENSG00000187498,ENST00000375820
ENSG00000088448,ENST00000267339
ENSG00000198176,ENST00000375370
ENSG00000129484,ENST00000250416
ENSG00000198805,ENST00000361505
ENSG00000100439,ENST00000216327
ENSG00000155463,ENST00000285848
ENSG00000197324,ENST00000359591
ENSG00000100889,ENST00000216780
ENSG00000092010,ENST00000206451
ENSG00000100911,ENST00000216802
ENSG00000254505,ENST00000347519
ENSG00000100968,ENST00000250373
ENSG00000129518,ENST00000250454
ENSG00000129515,ENST00000355110
ENSG00000092020,ENST00000261475
ENSG00000100906,ENST00000216797
ENSG00000100479,ENST00000216367
ENSG00000165516,ENST00000298307
ENSG00000125375,ENST00000245448
ENSG00000100504,ENST00000216392
ENSG00000197930,ENST00000395686
ENSG00000125378,ENST00000245451
ENSG00000100532,ENST00000216420
ENSG00000168175,ENST00000395468
ENSG00000126777,ENST00000334975
ENSG00000100575,ENST00000216463
ENSG00000100612,ENST00000216500
ENSG00000020426,ENST00000261245
ENSG00000027075,ENST00000332981
ENSG00000100644,ENST00000323441
ENSG00000154001,ENST00000337537
ENSG00000054654,ENST00000341472
ENSG00000100554,ENST00000216442
ENSG00000170348,ENST00000303575
ENSG00000170345,ENST00000303562
ENSG00000119699,ENST00000238682
ENSG00000100577,ENST00000216465
ENSG00000100596,ENST00000216484
ENSG00000100600,ENST00000334869
ENSG00000012963,ENST00000013070
ENSG00000196405,ENST00000392920
ENSG00000080823,ENST00000193029
ENSG00000100664,ENST00000216554
ENSG00000088808,ENST00000202556
ENSG00000142208,ENST00000349310
ENSG00000170779,ENST00000336219
ENSG00000182979,ENST00000331320
ENSG00000104067,ENST00000346128
ENSG00000156970,ENST00000287598
ENSG00000137843,ENST00000260404
ENSG00000128965,ENST00000444189
ENSG00000187446,ENST00000334660
ENSG00000137804,ENST00000260359
ENSG00000067369,ENST00000263801
ENSG00000137767,ENST00000260324
ENSG00000104064,ENST00000220429
ENSG00000069966,ENST00000261837
ENSG00000128989,ENST00000249822
ENSG00000069974,ENST00000336787
ENSG00000069943,ENST00000164305
ENSG00000137845,ENST00000260408
ENSG00000157456,ENST00000288207
ENSG00000140307,ENST00000267869
ENSG00000140416,ENST00000267996
ENSG00000166855,ENST00000300107
ENSG00000074696,ENST00000261875
ENSG00000166949,ENST00000327367
ENSG00000137764,ENST00000178640
ENSG00000129038,ENST00000261921
ENSG00000103653,ENST00000220003
ENSG00000140391,ENST00000267970
ENSG00000140395,ENST00000267973
ENSG00000103876,ENST00000261755
ENSG00000172379,ENST00000303329
ENSG00000103942,ENST00000304231
ENSG00000166503,ENST00000299633
ENSG00000166821,ENST00000300056
ENSG00000182768,ENST00000331497
ENSG00000140575,ENST00000268182
ENSG00000140443,ENST00000268035
ENSG00000103126,ENST00000262320
ENSG00000103266,ENST00000219548
ENSG00000103260,ENST00000219542
ENSG00000103245,ENST00000251588
ENSG00000206053,ENST00000248098
ENSG00000127561,ENST00000248121
ENSG00000205937,ENST00000301730
ENSG00000162063,ENST00000293968
ENSG00000162066,ENST00000293971
ENSG00000167977,ENST00000301738
ENSG00000126602,ENST00000246957
ENSG00000103423,ENST00000262375
ENSG00000140650,ENST00000268261
ENSG00000187555,ENST00000344836
ENSG00000103540,ENST00000381396
ENSG00000102897,ENST00000219168
ENSG00000168434,ENST00000307149
ENSG00000166851,ENST00000300093
ENSG00000077238,ENST00000170630
ENSG00000013364,ENST00000357402
ENSG00000149925,ENST00000338110
ENSG00000102879,ENST00000219150
ENSG00000156873,ENST00000328273
ENSG00000103496,ENST00000313843
ENSG00000129636,ENST00000320640
ENSG00000102893,ENST00000299167
ENSG00000087245,ENST00000219070
ENSG00000102900,ENST00000308159
ENSG00000051108,ENST00000300302
ENSG00000005194,ENST00000394391
ENSG00000205336,ENST00000379694
ENSG00000070770,ENST00000262506
ENSG00000140939,ENST00000268605
ENSG00000102977,ENST00000219251
ENSG00000168286,ENST00000303596
ENSG00000205220,ENST00000358514
ENSG00000072736,ENST00000329524
ENSG00000103066,ENST00000219345
ENSG00000062038,ENST00000264012
ENSG00000090861,ENST00000261772
ENSG00000103051,ENST00000323786
ENSG00000140830,ENST00000268483
ENSG00000065457,ENST00000307921
ENSG00000166848,ENST00000300086
ENSG00000166454,ENST00000299575
ENSG00000140943,ENST00000343411
ENSG00000167695,ENST00000301324
ENSG00000167699,ENST00000301328
ENSG00000177370,ENST00000327158
ENSG00000167193,ENST00000300574
ENSG00000132383,ENST00000254719
ENSG00000007168,ENST00000397193
ENSG00000083457,ENST00000263087
ENSG00000108523,ENST00000262482
ENSG00000091640,ENST00000206020
ENSG00000108559,ENST00000225696
ENSG00000198920,ENST00000361413
ENSG00000187838,ENST00000324822
ENSG00000141510,ENST00000269305
ENSG00000178999,ENST00000316199
ENSG00000006744,ENST00000338034
ENSG00000072134,ENST00000314728
ENSG00000124422,ENST00000261497
ENSG00000109084,ENST00000226230
ENSG00000109107,ENST00000226253
ENSG00000007202,ENST00000389003
ENSG00000108578,ENST00000261714
ENSG00000178691,ENST00000322652
ENSG00000176749,ENST00000313401
ENSG00000108691,ENST00000225831
ENSG00000141736,ENST00000269571
ENSG00000141738,ENST00000309156
ENSG00000108349,ENST00000264645
ENSG00000171475,ENST00000323571
ENSG00000131747,ENST00000423485
ENSG00000131473,ENST00000352035
ENSG00000173757,ENST00000293328
ENSG00000168610,ENST00000264657
ENSG00000068120,ENST00000393818
ENSG00000126581,ENST00000361523
ENSG00000108828,ENST00000355653
ENSG00000012048,ENST00000309486
ENSG00000108861,ENST00000226004
ENSG00000030582,ENST00000053867
ENSG00000186566,ENST00000335500
ENSG00000136448,ENST00000258960
ENSG00000225190,ENST00000421073
ENSG00000167183,ENST00000300557
ENSG00000002919,ENST00000359238
ENSG00000121073,ENST00000240333
ENSG00000108821,ENST00000225964
ENSG00000108384,ENST00000337432
ENSG00000141367,ENST00000269122
ENSG00000062725,ENST00000083182
ENSG00000121068,ENST00000240328
ENSG00000146872,ENST00000326270
ENSG00000008283,ENST00000360793
ENSG00000198231,ENST00000359353
ENSG00000108604,ENST00000225742
ENSG00000256525,ENST00000539111
ENSG00000125450,ENST00000245544
ENSG00000070731,ENST00000225276
ENSG00000070495,ENST00000303996
ENSG00000089685,ENST00000301633
ENSG00000108669,ENST00000361101
ENSG00000035862,ENST00000262768
ENSG00000171302,ENST00000302345
ENSG00000171298,ENST00000302262
ENSG00000176108,ENST00000325167
ENSG00000262814,ENST00000333676
ENSG00000183010,ENST00000329875
ENSG00000169733,ENST00000310496
ENSG00000101557,ENST00000261601
ENSG00000132199,ENST00000251101
ENSG00000168461,ENST00000435762
ENSG00000176014,ENST00000317702
ENSG00000101654,ENST00000262173
ENSG00000141458,ENST00000269228
ENSG00000053747,ENST00000269217
ENSG00000046604,ENST00000261590
ENSG00000078142,ENST00000262039
ENSG00000082212,ENST00000321341
ENSG00000091157,ENST00000254442
ENSG00000172175,ENST00000345724
ENSG00000141682,ENST00000269518
ENSG00000171791,ENST00000333681
ENSG00000133313,ENST00000324262
ENSG00000101255,ENST00000217233
ENSG00000125818,ENST00000246015
ENSG00000215251,ENST00000380266
ENSG00000101224,ENST00000245960
ENSG00000132646,ENST00000379143
ENSG00000132639,ENST00000254976
ENSG00000061656,ENST00000374273
ENSG00000171222,ENST00000305978
ENSG00000101335,ENST00000279022
ENSG00000197122,ENST00000358208
ENSG00000166619,ENST00000373537
ENSG00000101057,ENST00000217026
ENSG00000168734,ENST00000349959
ENSG00000025772,ENST00000372813
ENSG00000175063,ENST00000243893
ENSG00000101017,ENST00000372276
ENSG00000124151,ENST00000341724
ENSG00000196396,ENST00000371621
ENSG00000087586,ENST00000312783
ENSG00000101146,ENST00000371242
ENSG00000124164,ENST00000265619
ENSG00000215440,ENST00000356091
ENSG00000087460,ENST00000265620
ENSG00000101190,ENST00000217162
ENSG00000149658,ENST00000370333
ENSG00000101150,ENST00000217121
ENSG00000171703,ENST00000339217
ENSG00000099622,ENST00000320936
ENSG00000104886,ENST00000326631
ENSG00000099860,ENST00000215631
ENSG00000088256,ENST00000078429
ENSG00000060558,ENST00000262958
ENSG00000064961,ENST00000262949
ENSG00000006638,ENST00000375190
ENSG00000105255,ENST00000221856
ENSG00000178078,ENST00000594605
ENSG00000127666,ENST00000248244
ENSG00000090674,ENST00000264079
ENSG00000076944,ENST00000221283
ENSG00000066044,ENST00000351593
ENSG00000167775,ENST00000301458
ENSG00000127452,ENST00000247977
ENSG00000127445,ENST00000247970
ENSG00000130816,ENST00000340748
ENSG00000090339,ENST00000264832
ENSG00000076662,ENST00000160262
ENSG00000079999,ENST00000171111
ENSG00000127616,ENST00000344626
ENSG00000104774,ENST00000221363
ENSG00000095066,ENST00000264827
ENSG00000072062,ENST00000308677
ENSG00000123146,ENST00000242786
ENSG00000132002,ENST00000254322
ENSG00000105127,ENST00000269701
ENSG00000011243,ENST00000397410
ENSG00000085872,ENST00000198939
ENSG00000160113,ENST00000291442
ENSG00000064547,ENST00000407877
ENSG00000105171,ENST00000221770
ENSG00000245848,ENST00000498907
ENSG00000166398,ENST00000299505
ENSG00000105699,ENST00000347609
ENSG00000105258,ENST00000221859
ENSG00000104823,ENST00000221418
ENSG00000104825,ENST00000313582
ENSG00000130669,ENST00000321944
ENSG00000006712,ENST00000221265
ENSG00000128016,ENST00000248673
ENSG00000079462,ENST00000262890
ENSG00000130203,ENST00000252486
ENSG00000104856,ENST00000221452
ENSG00000007255,ENST00000006275
ENSG00000125744,ENST00000245923
ENSG00000160014,ENST00000291295
ENSG00000105486,ENST00000263274
ENSG00000105447,ENST00000253237
ENSG00000174951,ENST00000310160
ENSG00000087088,ENST00000293288
ENSG00000104872,ENST00000262265
ENSG00000142546,ENST00000339093
ENSG00000039650,ENST00000322344
ENSG00000213024,ENST00000352066
ENSG00000169136,ENST00000423777
ENSG00000131408,ENST00000253727
ENSG00000105379,ENST00000309244
ENSG00000125505,ENST00000245615
ENSG00000083828,ENST00000391702
ENSG00000171606,ENST00000326804
ENSG00000083845,ENST00000196551
ENSG00000015475,ENST00000317361
ENSG00000093009,ENST00000263201
ENSG00000099942,ENST00000354336
ENSG00000240972,ENST00000215754
ENSG00000183765,ENST00000328354
ENSG00000100219,ENST00000216037
ENSG00000184117,ENST00000216121
ENSG00000100225,ENST00000266087
ENSG00000100292,ENST00000216117
ENSG00000128340,ENST00000249071
ENSG00000100139,ENST00000215957
ENSG00000213923,ENST00000359867
ENSG00000100422,ENST00000216264
ENSG00000184164,ENST00000328268
ENSG00000180530,ENST00000318948
ENSG00000142192,ENST00000346798
ENSG00000156299,ENST00000286827
ENSG00000142166,ENST00000270139
ENSG00000159228,ENST00000290349
ENSG00000159231,ENST00000290354
ENSG00000183527,ENST00000331573
ENSG00000182093,ENST00000333781
ENSG00000182240,ENST00000328735
ENSG00000157617,ENST00000329623
ENSG00000160208,ENST00000340648
ENSG00000141959,ENST00000349048
